USE [master]
GO
/****** Object:  Database [PrismSolution]    Script Date: 29-02-2020 11:08:38 ******/
CREATE DATABASE [PrismSolution]
 CONTAINMENT = NONE
 ON  PRIMARY 
( NAME = N'PrismSolution', FILENAME = N'C:\Program Files\Microsoft SQL Server\MSSQL12.SQLEXPRESS\MSSQL\DATA\PrismSolution.mdf' , SIZE = 4096KB , MAXSIZE = UNLIMITED, FILEGROWTH = 1024KB )
 LOG ON 
( NAME = N'PrismSolution_log', FILENAME = N'C:\Program Files\Microsoft SQL Server\MSSQL12.SQLEXPRESS\MSSQL\DATA\PrismSolution_log.ldf' , SIZE = 1792KB , MAXSIZE = 2048GB , FILEGROWTH = 10%)
GO
ALTER DATABASE [PrismSolution] SET COMPATIBILITY_LEVEL = 120
GO
IF (1 = FULLTEXTSERVICEPROPERTY('IsFullTextInstalled'))
begin
EXEC [PrismSolution].[dbo].[sp_fulltext_database] @action = 'enable'
end
GO
ALTER DATABASE [PrismSolution] SET ANSI_NULL_DEFAULT OFF 
GO
ALTER DATABASE [PrismSolution] SET ANSI_NULLS OFF 
GO
ALTER DATABASE [PrismSolution] SET ANSI_PADDING OFF 
GO
ALTER DATABASE [PrismSolution] SET ANSI_WARNINGS OFF 
GO
ALTER DATABASE [PrismSolution] SET ARITHABORT OFF 
GO
ALTER DATABASE [PrismSolution] SET AUTO_CLOSE OFF 
GO
ALTER DATABASE [PrismSolution] SET AUTO_SHRINK OFF 
GO
ALTER DATABASE [PrismSolution] SET AUTO_UPDATE_STATISTICS ON 
GO
ALTER DATABASE [PrismSolution] SET CURSOR_CLOSE_ON_COMMIT OFF 
GO
ALTER DATABASE [PrismSolution] SET CURSOR_DEFAULT  GLOBAL 
GO
ALTER DATABASE [PrismSolution] SET CONCAT_NULL_YIELDS_NULL OFF 
GO
ALTER DATABASE [PrismSolution] SET NUMERIC_ROUNDABORT OFF 
GO
ALTER DATABASE [PrismSolution] SET QUOTED_IDENTIFIER OFF 
GO
ALTER DATABASE [PrismSolution] SET RECURSIVE_TRIGGERS OFF 
GO
ALTER DATABASE [PrismSolution] SET  DISABLE_BROKER 
GO
ALTER DATABASE [PrismSolution] SET AUTO_UPDATE_STATISTICS_ASYNC OFF 
GO
ALTER DATABASE [PrismSolution] SET DATE_CORRELATION_OPTIMIZATION OFF 
GO
ALTER DATABASE [PrismSolution] SET TRUSTWORTHY OFF 
GO
ALTER DATABASE [PrismSolution] SET ALLOW_SNAPSHOT_ISOLATION OFF 
GO
ALTER DATABASE [PrismSolution] SET PARAMETERIZATION SIMPLE 
GO
ALTER DATABASE [PrismSolution] SET READ_COMMITTED_SNAPSHOT OFF 
GO
ALTER DATABASE [PrismSolution] SET HONOR_BROKER_PRIORITY OFF 
GO
ALTER DATABASE [PrismSolution] SET RECOVERY SIMPLE 
GO
ALTER DATABASE [PrismSolution] SET  MULTI_USER 
GO
ALTER DATABASE [PrismSolution] SET PAGE_VERIFY CHECKSUM  
GO
ALTER DATABASE [PrismSolution] SET DB_CHAINING OFF 
GO
ALTER DATABASE [PrismSolution] SET FILESTREAM( NON_TRANSACTED_ACCESS = OFF ) 
GO
ALTER DATABASE [PrismSolution] SET TARGET_RECOVERY_TIME = 0 SECONDS 
GO
ALTER DATABASE [PrismSolution] SET DELAYED_DURABILITY = DISABLED 
GO
USE [PrismSolution]
GO
/****** Object:  Table [dbo].[Lnk_StandardMedium]    Script Date: 29-02-2020 11:08:40 ******/
SET ANSI_NULLS ON
GO
SET QUOTED_IDENTIFIER ON
GO
CREATE TABLE [dbo].[Lnk_StandardMedium](
	[StandardMediumId] [bigint] IDENTITY(1,1) NOT NULL,
	[StandardId] [bigint] NOT NULL,
	[MediumId] [bigint] NOT NULL,
	[IsActive] [bit] NOT NULL CONSTRAINT [DF_Lnk_StandardMedium_IsActive]  DEFAULT ((1)),
	[CreatedBy] [bigint] NULL,
	[CreatedDate] [datetime] NULL,
	[ModifiedBy] [bigint] NULL,
	[ModifiedDate] [datetime] NULL,
 CONSTRAINT [PK_Lnk_StandardMedium] PRIMARY KEY CLUSTERED 
(
	[StandardMediumId] ASC
)WITH (PAD_INDEX = OFF, STATISTICS_NORECOMPUTE = OFF, IGNORE_DUP_KEY = OFF, ALLOW_ROW_LOCKS = ON, ALLOW_PAGE_LOCKS = ON) ON [PRIMARY]
) ON [PRIMARY]

GO
/****** Object:  Table [dbo].[Lnk_SubjectDetails]    Script Date: 29-02-2020 11:08:41 ******/
SET ANSI_NULLS ON
GO
SET QUOTED_IDENTIFIER ON
GO
CREATE TABLE [dbo].[Lnk_SubjectDetails](
	[SubjectDetailsId] [bigint] IDENTITY(1,1) NOT NULL,
	[StandardId] [bigint] NOT NULL,
	[MediumId] [bigint] NOT NULL,
	[SubjectId] [bigint] NOT NULL,
	[IsActive] [bit] NOT NULL CONSTRAINT [DF_Lnk_SubjectDetails_IsActive]  DEFAULT ((1)),
	[CreatedBy] [bigint] NULL,
	[CreatedDate] [datetime] NULL,
	[ModifiedBy] [bigint] NULL,
	[ModifiedDate] [datetime] NULL,
 CONSTRAINT [PK_Lnk_SubjectDetails] PRIMARY KEY CLUSTERED 
(
	[SubjectDetailsId] ASC
)WITH (PAD_INDEX = OFF, STATISTICS_NORECOMPUTE = OFF, IGNORE_DUP_KEY = OFF, ALLOW_ROW_LOCKS = ON, ALLOW_PAGE_LOCKS = ON) ON [PRIMARY]
) ON [PRIMARY]

GO
/****** Object:  Table [dbo].[Mas_Chapter]    Script Date: 29-02-2020 11:08:41 ******/
SET ANSI_NULLS ON
GO
SET QUOTED_IDENTIFIER ON
GO
SET ANSI_PADDING ON
GO
CREATE TABLE [dbo].[Mas_Chapter](
	[ChapterId] [bigint] IDENTITY(1,1) NOT NULL,
	[StandardId] [bigint] NOT NULL,
	[SubjectId] [bigint] NOT NULL,
	[MediumId] [bigint] NOT NULL,
	[ChapterName] [nvarchar](150) NOT NULL,
	[ChapterThumbnail] [varbinary](max) NULL,
	[Description] [nvarchar](100) NULL,
	[IsActive] [bit] NOT NULL,
	[CreatedBy] [bigint] NULL,
	[CreatedDate] [datetime] NULL,
	[ModifiedBy] [bigint] NULL,
	[ModifiedDate] [datetime] NULL,
 CONSTRAINT [PK_Mas_Chapter] PRIMARY KEY CLUSTERED 
(
	[ChapterId] ASC
)WITH (PAD_INDEX = OFF, STATISTICS_NORECOMPUTE = OFF, IGNORE_DUP_KEY = OFF, ALLOW_ROW_LOCKS = ON, ALLOW_PAGE_LOCKS = ON) ON [PRIMARY]
) ON [PRIMARY] TEXTIMAGE_ON [PRIMARY]

GO
SET ANSI_PADDING OFF
GO
/****** Object:  Table [dbo].[Mas_ErrorLogs]    Script Date: 29-02-2020 11:08:41 ******/
SET ANSI_NULLS ON
GO
SET QUOTED_IDENTIFIER ON
GO
SET ANSI_PADDING ON
GO
CREATE TABLE [dbo].[Mas_ErrorLogs](
	[ErrorLogId] [bigint] IDENTITY(1,1) NOT NULL,
	[ErrorProcedure] [varchar](300) NOT NULL,
	[ErrorLine] [bigint] NULL,
	[ErrorMessage] [nvarchar](max) NULL,
 CONSTRAINT [PK_Mas_ErrorLogs] PRIMARY KEY CLUSTERED 
(
	[ErrorLogId] ASC
)WITH (PAD_INDEX = OFF, STATISTICS_NORECOMPUTE = OFF, IGNORE_DUP_KEY = OFF, ALLOW_ROW_LOCKS = ON, ALLOW_PAGE_LOCKS = ON) ON [PRIMARY]
) ON [PRIMARY] TEXTIMAGE_ON [PRIMARY]

GO
SET ANSI_PADDING OFF
GO
/****** Object:  Table [dbo].[Mas_Login]    Script Date: 29-02-2020 11:08:41 ******/
SET ANSI_NULLS ON
GO
SET QUOTED_IDENTIFIER ON
GO
SET ANSI_PADDING ON
GO
CREATE TABLE [dbo].[Mas_Login](
	[LoginId] [bigint] IDENTITY(1,1) NOT NULL,
	[PhoneNumber] [varchar](50) NOT NULL,
	[FirstName] [nvarchar](100) NOT NULL,
	[LastName] [nvarchar](100) NOT NULL,
	[Password] [nvarchar](100) NOT NULL,
	[DateOfBirth] [datetime] NOT NULL,
	[EmailId] [nvarchar](150) NULL,
	[City] [nvarchar](200) NULL,
	[SchoolName] [nvarchar](200) NULL,
	[ContantNumber] [nvarchar](50) NULL,
	[ExpiryDate] [datetime] NULL,
	[IsActive] [bit] NULL,
 CONSTRAINT [PK_Mas_Login] PRIMARY KEY CLUSTERED 
(
	[LoginId] ASC
)WITH (PAD_INDEX = OFF, STATISTICS_NORECOMPUTE = OFF, IGNORE_DUP_KEY = OFF, ALLOW_ROW_LOCKS = ON, ALLOW_PAGE_LOCKS = ON) ON [PRIMARY]
) ON [PRIMARY]

GO
SET ANSI_PADDING OFF
GO
/****** Object:  Table [dbo].[Mas_Medium]    Script Date: 29-02-2020 11:08:41 ******/
SET ANSI_NULLS ON
GO
SET QUOTED_IDENTIFIER ON
GO
CREATE TABLE [dbo].[Mas_Medium](
	[MediumId] [bigint] IDENTITY(1,1) NOT NULL,
	[MediumName] [nvarchar](100) NOT NULL,
	[Description] [nvarchar](100) NULL,
	[IsActive] [bit] NOT NULL CONSTRAINT [DF_Mas_Medium_IsActive]  DEFAULT ((0)),
	[CreatedBy] [bigint] NULL,
	[CreatedDate] [datetime] NULL,
	[ModifiedBy] [bigint] NULL,
	[ModifiedDate] [datetime] NULL,
 CONSTRAINT [PK_Mas_Medium] PRIMARY KEY CLUSTERED 
(
	[MediumId] ASC
)WITH (PAD_INDEX = OFF, STATISTICS_NORECOMPUTE = OFF, IGNORE_DUP_KEY = OFF, ALLOW_ROW_LOCKS = ON, ALLOW_PAGE_LOCKS = ON) ON [PRIMARY]
) ON [PRIMARY]

GO
/****** Object:  Table [dbo].[Mas_Menu]    Script Date: 29-02-2020 11:08:41 ******/
SET ANSI_NULLS ON
GO
SET QUOTED_IDENTIFIER ON
GO
CREATE TABLE [dbo].[Mas_Menu](
	[MenuId] [bigint] IDENTITY(1,1) NOT NULL,
	[MenuName] [nvarchar](300) NULL,
	[MenuActionLink] [nvarchar](300) NULL,
	[MenuStyleClass] [nvarchar](200) NULL,
	[IsActive] [bit] NULL,
	[ParentMenuId] [bigint] NULL
) ON [PRIMARY]

GO
/****** Object:  Table [dbo].[Mas_Role]    Script Date: 29-02-2020 11:08:41 ******/
SET ANSI_NULLS ON
GO
SET QUOTED_IDENTIFIER ON
GO
CREATE TABLE [dbo].[Mas_Role](
	[RoleId] [bigint] IDENTITY(1,1) NOT NULL,
	[RoleName] [nvarchar](200) NULL,
 CONSTRAINT [PK_Mas_Role] PRIMARY KEY CLUSTERED 
(
	[RoleId] ASC
)WITH (PAD_INDEX = OFF, STATISTICS_NORECOMPUTE = OFF, IGNORE_DUP_KEY = OFF, ALLOW_ROW_LOCKS = ON, ALLOW_PAGE_LOCKS = ON) ON [PRIMARY]
) ON [PRIMARY]

GO
/****** Object:  Table [dbo].[Mas_RoleMenu]    Script Date: 29-02-2020 11:08:41 ******/
SET ANSI_NULLS ON
GO
SET QUOTED_IDENTIFIER ON
GO
CREATE TABLE [dbo].[Mas_RoleMenu](
	[RoleMenuId] [bigint] IDENTITY(1,1) NOT NULL,
	[MenuId] [bigint] NULL,
	[RoleId] [bigint] NULL,
 CONSTRAINT [PK_Mas_RoleMenu] PRIMARY KEY CLUSTERED 
(
	[RoleMenuId] ASC
)WITH (PAD_INDEX = OFF, STATISTICS_NORECOMPUTE = OFF, IGNORE_DUP_KEY = OFF, ALLOW_ROW_LOCKS = ON, ALLOW_PAGE_LOCKS = ON) ON [PRIMARY]
) ON [PRIMARY]

GO
/****** Object:  Table [dbo].[Mas_Section]    Script Date: 29-02-2020 11:08:41 ******/
SET ANSI_NULLS ON
GO
SET QUOTED_IDENTIFIER ON
GO
CREATE TABLE [dbo].[Mas_Section](
	[SectionId] [bigint] IDENTITY(1,1) NOT NULL,
	[SectionName] [nvarchar](100) NOT NULL,
	[Description] [nvarchar](100) NULL,
	[IsStandardSection] [bit] NULL CONSTRAINT [DF_Mas_Section_IsStandardSection]  DEFAULT ((0)),
	[IsChapterSection] [bit] NULL CONSTRAINT [DF_Mas_Section_IsChapterSection]  DEFAULT ((0)),
	[IsActive] [bit] NULL,
	[CreatedBy] [bigint] NULL,
	[CreatedDate] [datetime] NULL,
	[ModifiedBy] [bigint] NULL,
	[ModifiedDate] [datetime] NULL,
 CONSTRAINT [PK_Mas_Section] PRIMARY KEY CLUSTERED 
(
	[SectionId] ASC
)WITH (PAD_INDEX = OFF, STATISTICS_NORECOMPUTE = OFF, IGNORE_DUP_KEY = OFF, ALLOW_ROW_LOCKS = ON, ALLOW_PAGE_LOCKS = ON) ON [PRIMARY]
) ON [PRIMARY]

GO
/****** Object:  Table [dbo].[Mas_Standard]    Script Date: 29-02-2020 11:08:41 ******/
SET ANSI_NULLS ON
GO
SET QUOTED_IDENTIFIER ON
GO
CREATE TABLE [dbo].[Mas_Standard](
	[StandardId] [bigint] IDENTITY(1,1) NOT NULL,
	[StandardName] [nvarchar](100) NOT NULL,
	[Description] [nvarchar](100) NULL,
	[IsActive] [bit] NOT NULL CONSTRAINT [DF_Mas_Standard_IsActive]  DEFAULT ((0)),
	[CreatedBy] [bigint] NULL,
	[CreatedDate] [datetime] NULL,
	[ModifiedBy] [bigint] NULL,
	[ModifiedDate] [datetime] NULL,
 CONSTRAINT [PK_Mas_Standard] PRIMARY KEY CLUSTERED 
(
	[StandardId] ASC
)WITH (PAD_INDEX = OFF, STATISTICS_NORECOMPUTE = OFF, IGNORE_DUP_KEY = OFF, ALLOW_ROW_LOCKS = ON, ALLOW_PAGE_LOCKS = ON) ON [PRIMARY]
) ON [PRIMARY]

GO
/****** Object:  Table [dbo].[Mas_Student]    Script Date: 29-02-2020 11:08:41 ******/
SET ANSI_NULLS ON
GO
SET QUOTED_IDENTIFIER ON
GO
CREATE TABLE [dbo].[Mas_Student](
	[StudentId] [bigint] IDENTITY(1,1) NOT NULL,
	[LoginId] [bigint] NULL,
	[StandardId] [bigint] NULL,
	[MediumId] [bigint] NULL,
	[CreatedBy] [bigint] NULL,
	[CreatedDate] [datetime] NULL,
	[ModifiedBy] [bigint] NULL,
	[ModifiedDate] [datetime] NULL,
 CONSTRAINT [PK_Mas_Student] PRIMARY KEY CLUSTERED 
(
	[StudentId] ASC
)WITH (PAD_INDEX = OFF, STATISTICS_NORECOMPUTE = OFF, IGNORE_DUP_KEY = OFF, ALLOW_ROW_LOCKS = ON, ALLOW_PAGE_LOCKS = ON) ON [PRIMARY]
) ON [PRIMARY]

GO
/****** Object:  Table [dbo].[Mas_Subject]    Script Date: 29-02-2020 11:08:41 ******/
SET ANSI_NULLS ON
GO
SET QUOTED_IDENTIFIER ON
GO
SET ANSI_PADDING ON
GO
CREATE TABLE [dbo].[Mas_Subject](
	[SubjectId] [bigint] IDENTITY(1,1) NOT NULL,
	[SubjectName] [nvarchar](250) NOT NULL,
	[SubjectThumbnail] [varbinary](max) NULL,
	[Description] [nvarchar](100) NULL,
	[IsActive] [bit] NOT NULL CONSTRAINT [DF_Mas_Subject_IsActive]  DEFAULT ((0)),
	[CreatedBy] [bigint] NULL,
	[CreatedDate] [datetime] NULL,
	[ModifiedBy] [bigint] NULL,
	[ModifiedDate] [datetime] NULL,
 CONSTRAINT [PK_Mas_Subject] PRIMARY KEY CLUSTERED 
(
	[SubjectId] ASC
)WITH (PAD_INDEX = OFF, STATISTICS_NORECOMPUTE = OFF, IGNORE_DUP_KEY = OFF, ALLOW_ROW_LOCKS = ON, ALLOW_PAGE_LOCKS = ON) ON [PRIMARY]
) ON [PRIMARY] TEXTIMAGE_ON [PRIMARY]

GO
SET ANSI_PADDING OFF
GO
SET IDENTITY_INSERT [dbo].[Lnk_StandardMedium] ON 

GO
INSERT [dbo].[Lnk_StandardMedium] ([StandardMediumId], [StandardId], [MediumId], [IsActive], [CreatedBy], [CreatedDate], [ModifiedBy], [ModifiedDate]) VALUES (1, 1, 1, 1, NULL, NULL, NULL, NULL)
GO
INSERT [dbo].[Lnk_StandardMedium] ([StandardMediumId], [StandardId], [MediumId], [IsActive], [CreatedBy], [CreatedDate], [ModifiedBy], [ModifiedDate]) VALUES (2, 1, 2, 1, NULL, NULL, NULL, NULL)
GO
INSERT [dbo].[Lnk_StandardMedium] ([StandardMediumId], [StandardId], [MediumId], [IsActive], [CreatedBy], [CreatedDate], [ModifiedBy], [ModifiedDate]) VALUES (3, 2, 1, 1, NULL, NULL, NULL, NULL)
GO
INSERT [dbo].[Lnk_StandardMedium] ([StandardMediumId], [StandardId], [MediumId], [IsActive], [CreatedBy], [CreatedDate], [ModifiedBy], [ModifiedDate]) VALUES (4, 1, 3, 1, NULL, NULL, NULL, NULL)
GO
SET IDENTITY_INSERT [dbo].[Lnk_StandardMedium] OFF
GO
SET IDENTITY_INSERT [dbo].[Lnk_SubjectDetails] ON 

GO
INSERT [dbo].[Lnk_SubjectDetails] ([SubjectDetailsId], [StandardId], [MediumId], [SubjectId], [IsActive], [CreatedBy], [CreatedDate], [ModifiedBy], [ModifiedDate]) VALUES (1, 1, 1, 1, 1, NULL, NULL, NULL, NULL)
GO
INSERT [dbo].[Lnk_SubjectDetails] ([SubjectDetailsId], [StandardId], [MediumId], [SubjectId], [IsActive], [CreatedBy], [CreatedDate], [ModifiedBy], [ModifiedDate]) VALUES (2, 1, 2, 1, 1, NULL, NULL, NULL, NULL)
GO
INSERT [dbo].[Lnk_SubjectDetails] ([SubjectDetailsId], [StandardId], [MediumId], [SubjectId], [IsActive], [CreatedBy], [CreatedDate], [ModifiedBy], [ModifiedDate]) VALUES (3, 1, 3, 2, 0, NULL, NULL, NULL, NULL)
GO
INSERT [dbo].[Lnk_SubjectDetails] ([SubjectDetailsId], [StandardId], [MediumId], [SubjectId], [IsActive], [CreatedBy], [CreatedDate], [ModifiedBy], [ModifiedDate]) VALUES (4, 1, 1, 2, 1, NULL, NULL, NULL, NULL)
GO
INSERT [dbo].[Lnk_SubjectDetails] ([SubjectDetailsId], [StandardId], [MediumId], [SubjectId], [IsActive], [CreatedBy], [CreatedDate], [ModifiedBy], [ModifiedDate]) VALUES (5, 1, 2, 2, 1, NULL, NULL, NULL, NULL)
GO
INSERT [dbo].[Lnk_SubjectDetails] ([SubjectDetailsId], [StandardId], [MediumId], [SubjectId], [IsActive], [CreatedBy], [CreatedDate], [ModifiedBy], [ModifiedDate]) VALUES (6, 1, 3, 1, 0, NULL, NULL, NULL, NULL)
GO
SET IDENTITY_INSERT [dbo].[Lnk_SubjectDetails] OFF
GO
SET IDENTITY_INSERT [dbo].[Mas_Medium] ON 

GO
INSERT [dbo].[Mas_Medium] ([MediumId], [MediumName], [Description], [IsActive], [CreatedBy], [CreatedDate], [ModifiedBy], [ModifiedDate]) VALUES (1, N'मराठी', N'मराठी  माध्यम', 1, NULL, NULL, NULL, NULL)
GO
INSERT [dbo].[Mas_Medium] ([MediumId], [MediumName], [Description], [IsActive], [CreatedBy], [CreatedDate], [ModifiedBy], [ModifiedDate]) VALUES (2, N'सेमी English', N'सेमी English माध्यम', 1, NULL, NULL, NULL, NULL)
GO
INSERT [dbo].[Mas_Medium] ([MediumId], [MediumName], [Description], [IsActive], [CreatedBy], [CreatedDate], [ModifiedBy], [ModifiedDate]) VALUES (3, N'English', N'English', 1, NULL, NULL, NULL, NULL)
GO
SET IDENTITY_INSERT [dbo].[Mas_Medium] OFF
GO
SET IDENTITY_INSERT [dbo].[Mas_Section] ON 

GO
INSERT [dbo].[Mas_Section] ([SectionId], [SectionName], [Description], [IsStandardSection], [IsChapterSection], [IsActive], [CreatedBy], [CreatedDate], [ModifiedBy], [ModifiedDate]) VALUES (1, N'कृतिपत्रिकेचे स्वरुप', N'कृतिपत्रिकेचे स्वरुप', 1, 0, 1, NULL, NULL, NULL, NULL)
GO
INSERT [dbo].[Mas_Section] ([SectionId], [SectionName], [Description], [IsStandardSection], [IsChapterSection], [IsActive], [CreatedBy], [CreatedDate], [ModifiedBy], [ModifiedDate]) VALUES (2, N'मार्गदर्शन', N'मार्गदर्शन', 1, 0, 1, NULL, NULL, NULL, NULL)
GO
SET IDENTITY_INSERT [dbo].[Mas_Section] OFF
GO
SET IDENTITY_INSERT [dbo].[Mas_Standard] ON 

GO
INSERT [dbo].[Mas_Standard] ([StandardId], [StandardName], [Description], [IsActive], [CreatedBy], [CreatedDate], [ModifiedBy], [ModifiedDate]) VALUES (1, N'10', N'10th Standard', 1, NULL, NULL, NULL, NULL)
GO
INSERT [dbo].[Mas_Standard] ([StandardId], [StandardName], [Description], [IsActive], [CreatedBy], [CreatedDate], [ModifiedBy], [ModifiedDate]) VALUES (2, N'9', N'9th Standard', 0, NULL, NULL, NULL, NULL)
GO
INSERT [dbo].[Mas_Standard] ([StandardId], [StandardName], [Description], [IsActive], [CreatedBy], [CreatedDate], [ModifiedBy], [ModifiedDate]) VALUES (3, N'8', N'8th Standard', 0, NULL, NULL, NULL, NULL)
GO
SET IDENTITY_INSERT [dbo].[Mas_Standard] OFF
GO
SET IDENTITY_INSERT [dbo].[Mas_Subject] ON 

GO
INSERT [dbo].[Mas_Subject] ([SubjectId], [SubjectName], [SubjectThumbnail], [Description], [IsActive], [CreatedBy], [CreatedDate], [ModifiedBy], [ModifiedDate]) VALUES (1, N'कुमारभारती', 0x4749463839618C00880070FF0021F904010000FF002C000000008C008800870000000000330000660000990000CC0000FF002B00002B33002B66002B99002BCC002BFF0055000055330055660055990055CC0055FF0080000080330080660080990080CC0080FF00AA0000AA3300AA6600AA9900AACC00AAFF00D50000D53300D56600D59900D5CC00D5FF00FF0000FF3300FF6600FF9900FFCC00FFFF3300003300333300663300993300CC3300FF332B00332B33332B66332B99332BCC332BFF3355003355333355663355993355CC3355FF3380003380333380663380993380CC3380FF33AA0033AA3333AA6633AA9933AACC33AAFF33D50033D53333D56633D59933D5CC33D5FF33FF0033FF3333FF6633FF9933FFCC33FFFF6600006600336600666600996600CC6600FF662B00662B33662B66662B99662BCC662BFF6655006655336655666655996655CC6655FF6680006680336680666680996680CC6680FF66AA0066AA3366AA6666AA9966AACC66AAFF66D50066D53366D56666D59966D5CC66D5FF66FF0066FF3366FF6666FF9966FFCC66FFFF9900009900339900669900999900CC9900FF992B00992B33992B66992B99992BCC992BFF9955009955339955669955999955CC9955FF9980009980339980669980999980CC9980FF99AA0099AA3399AA6699AA9999AACC99AAFF99D50099D53399D56699D59999D5CC99D5FF99FF0099FF3399FF6699FF9999FFCC99FFFFCC0000CC0033CC0066CC0099CC00CCCC00FFCC2B00CC2B33CC2B66CC2B99CC2BCCCC2BFFCC5500CC5533CC5566CC5599CC55CCCC55FFCC8000CC8033CC8066CC8099CC80CCCC80FFCCAA00CCAA33CCAA66CCAA99CCAACCCCAAFFCCD500CCD533CCD566CCD599CCD5CCCCD5FFCCFF00CCFF33CCFF66CCFF99CCFFCCCCFFFFFF0000FF0033FF0066FF0099FF00CCFF00FFFF2B00FF2B33FF2B66FF2B99FF2BCCFF2BFFFF5500FF5533FF5566FF5599FF55CCFF55FFFF8000FF8033FF8066FF8099FF80CCFF80FFFFAA00FFAA33FFAA66FFAA99FFAACCFFAAFFFFD500FFD533FFD566FFD599FFD5CCFFD5FFFFFF00FFFF33FFFF66FFFF99FFFFCCFFFFFF00000000000000000000000008FF00F7091C48B0A0C18308132A5CC8B0A1C38710234A9C083193183414336ADCC8B1A345311F33751C49B2E448346294095486264C4A933063CA34380924BD829A502ADB39B3A7CF8C16D1A83CC812643D68F57E2A5D9A1065A69BFBEAE913A82FA9C0A0CA8E32DDCAF4E2508256F7555D292625BD685CD3CAB49829AC438B69E82D83AAB6EE469D54DD321C7611295ABB80258A994477E054874595D1FB1AB87142B687F7414D2AD561BD4C3832658DECB8B3C09A8C0526E5FC90EFA49DCB3C7BF67A70EAE8D10F831ED5AB5AED6088B41526CE0AADB65AB60DA11EA647BC30427A3AB3FAE66A7198E186CB864D42431DA5A4618A251BD497260CCFD0CB6582FFCE2BFAA0D4CB62C2DCD88263CB8D30326E80246D55D9A430C4C087878977215D6592B814831831DC30605965B9B4596574BD01D24EFAEDC7D145A98D455A41F4102386810516E89E1869F0228924EDA1619C76F4B0A59256128E04223D9CD1169926EA1168A08D036622498238C837D4580459749A722D4E88C6619511E45A54620D13467B1DC620E580C34812E5160532F2159037D5A4994A1116D9106B6131C8A45802D1830381614C19030C0566D20B876E1628D49991E963517E448A19D145C221B464549974C8219C526E210623875E89832403514690533CF909517F2B1133CC30C454069B58F7C5B0480C584E295F7A75221A439B6D1D36DC5562F0FF19A6A50401BA125FE9F518061A924C82093151E9430C0E052EA2451870C219C6B252AADAAC94F241458F262251B54C4BF945F517AD07E1A50C5F06DEB01E87E44A92CC3256B6B9489B75D67943B2744A89917DCB1203A43E68E0C0E785DCEE331E721E9E7A830C6DB637F081871A8868B2CFB6BBF0AA3519F82879CA5C440C52FD16549373FB4842707C03A2D466BC6F368CE8C8CF36AAEC2230C4BB5E18EE115358C568E457CFAC125AF4C955E1D65996CAED4E1949248A2C6B74188CE8D86618C0ECC2AEB26114B20881290DCA5726174BB5ADA52091B5DE940C8BB185B305321C8622AB06B3CE3AC1CC238F30C3CCA34F8A612CA2CB88A5925A4B2DAFD4FFD2A689531DC6567ED1E42661182275B961C360375EB29B752FA24824C0C4234F3098F082CCE5F8D0D3CB199108134C0C368CBD4821B42C42C8225B84A149795375A78962FCEE07E250F48098C3D38C3FDD68C9C1041F0FDBF284CE4EF0C108036386BB4032AA94A82FD2372DAD8B0123ECBC62BD0CC645DA2A96459AE4302EB4CF2AA20BEF0A1718CCE6C2C4E3FEDB6F3B9D8C76FAB003C99B062E42CB2B92F35FEF733703097692D21B09ED88318C40431AC6909EDD314C4A8B30C6F91C47AA61082312EB9BC730DE56B7304C621EF3B8893284B1AE66454D1152AB9B7B307293B00C4E19DC0B0F70B4A38C91A5A45075B2C1B2D4018CB1B9094E37105DF0FF76210C10B2230C91604432E426B761302212A36A53EB0A812CF7ACEA2568A2CA24325329DB4D82331AEA904BE8A42C5DE82218F088A2B256B52AD1B163188B889BDB92210F102E911E1614867A1EA7885A14E2465E990C90D03009AC65056775A10EEE04328CF119C83D4B134330D4118C78006372300B4330EE072746AC4B0CD7C9873CDAF1B622863084C4D010BBDEC43745B40E3B09590C48F253C0DA58043CE092C1AAE283B4595A121E6CE3212434198F5DB0310C9288441840380FCCCD4318BB48062993418F79EC6318AD4394D45A1783A764515A03A191216F569BAEBD8691A41ADF836054BF6000038D9564473CE6810C49583106C1688730DE96FF4C6108C35775ACA330E6A68F0D5911590642DA4E3EA5A47A38256BAAA1CE4DEEB50F62B864123B8A9658EA318F64B043189208863CD6C1BE2366523E4B9C073BD6E1CF61F46217ED609F1C2BC621306014472EC9443292D24220552C135F8AC689D4321EB0F04C12C2E0C5BA26B1517D0C8317EB785B4C2D17094C04680B999844EB8441C7A4D602A921AD63F28A288FDC71730B2652462FD243B0014922422FBCC9D6EAD2B54865D14962B060128F8426279E81119800A13FDB310F46280A1AF458DA2E34F8B660F04218EC40463C1851443ACE0313EED1C27B86A10F0D56E9671B7AEB6B5C43A96520F227D419CB4499849E300CC3B1F250C94DAA290C46FF2053A08BC0E0B25E272CA305F694FB94C74725310F52B2E3185A7D6418DA273A7538A31D4E5C0F0E4C64909F62A78576D99342F8B22B7D86702020BC9C299FC98BB2282A3B1535E8728741CD8E4A62114B94C731D6D1C3D215281297830430E051B963D06347EE792B38F7C196D96DCF2E5D9B0A382393893070010D209C9B503B4AD23AE6631E174E86302E4215B1106311EFD105145DB2AC4514519EC198E09BB660625DEC1718EA30863AF0513107DF601268B14A55D000D46CD5653A8571CB6B1AFC9ED3044BA5A203E13042274DBCAEE830CA60447A96B6AA454082AC93ECE1AA124A3975F0101832064659D52B89D50A444393B8AE50D3E2BA347538FF492BB94F597E050D7D2C83BCFE1CAB1C791186345485337A62530C14B188E0B14383EEAB2F966EA00517F3D7C5EAE0AF31EE410C4629CA9BB0E171266667B89EDC26460411A19C27412D3C4A25BC48ED052F7891BC79A487A9915AD2B2B6A0DF4BD431A56F53C4D7D6B30B60C058BF31E6A197EF115DF77C71A3FBA858212F7616A64CE2062B6AAA9B19D992AEFDEA9ACA989B6091CA0849B4439F65190A9CF5719F3040C2CB90689B1D571A09F76C4187BE8E71AFBDCCDF17D3383DAD6B4B6FA622893418922B9F9676A82D925395706A6E7043AC607911097A969BA966BE89456FB08860F330786C8B473024414894888ABFEA08C397611C66758C79435DFF6B21344069C835FF240D773A53B024438C0085610CDFDA87DBB2AD0C965A9099460C10C13281243415343DBE26F9C877818934132319005A168C814139602C22DE3296F1339C4862DE12AA90035CCA600267F43435F8229AC0F030E8818F785C7773ECF8A8E8FC1952DB866C5F3C9D728AF53BF760704A5692D12AD3647C6E60E822CCF088B43AD6A18F1AE3003F6769BC02B186D8B9C2C422833ACF355182064D54B3EDC380463CEE8147954A768949C5843090B14F9B13EC2269564683B7C00860248D1858DB54E3C97E1646595998BF0EF68BF91B427C8B01141B95BD245AFE9304D36F2594721B3EE041EC7AC88319F3F81632D8218FEEFB531EF8F027FF32E631098C56FB3D08BA0121BF84A60C410542E812838B7D1D89C3CF3FD8FC8DEAB39FE49CD53A74D9D9D6691C9109D4051B52B10CB64518FA200FF7800CF6200F9C350FF8907D16F436F1E04F839109C380351C480C9A201D3FB32A975619CAA029C3600EB2C2539250785F460B58176953270C1FC81E62B00F05541959B56959617924311F597418C9501689E30CF1600FA34774C9B629F9604195B40E91F056C3A0091E685A307431CA900C35912BF6421CC3700EC2700E9C420F183315D0D00BC2C7432E16665347759C5563F82173C9963D59533B13825D67420FCF260942E54FF7200C0F28339A02814AA63697C00E9A916CED451CB8470F5251823BFF72312ED585A9C459CB6067677148C30063F50663F5B786BB405C72F35F43872649527E1AA8123CC8113CD6610A66838CF028F4900F20953CC8406C71930C1A870CE327446FB329C3A04F23F22D1A881D8D877BC90086EEA018BD5182B37316CE180DAF057286E76B75E36B4C876111467058541E2C018040521255734E1EE612CE810CF8205EC3208BF7D00CC2700F45A871FE44471BB84FFEF4468F456A76B68169E08B2A6167C2422DE5373B8AA1189AE04E67A80BEB024574D40EF9404DB2E412C0421A92F00643921A26D12B817257E1B6800C880CC9430FB5180FC8407D93D687C2F02D71A30C1D055DFEB40B03496085A481625189A6E581BDB223BDFFE28B92D008C2106FFCF5688B800975840C841561112309AEF167E955483B31541AF112AAE5662DC142B5C88070330CF7407D24C55FEE880C16448CFA544474478CA6658A25082647A12119280952761D1B748BBC807F2FD63422756BCC54435CB08D03C1121B383BFB908A1341803FD261AE880384B10F6D770FE0C70B99007E93160CEE6884E3E795DAA66191004ABD900C8B287B6B171DBC7133853422BD32347E575B48255059967868D836E3776820F45FEF512D33B70F9A90810B45877F522DE0241516E53A73638EF1E00CF280850CF88EF6700C59B944C910814B0858FEB4086739903DA61942150D9AE096E55725BBB00B8F3558CB8947EEE46B8FFF465C76194281865627821C84942D02081166419887C11738E01C12180FE7E87D8E790FC7608492A941C9564DCF744185942269068D6330099FE00E4F311772A2813AA234C9E38B451437C2120C91B00B57677598509476441C09022CDA5119D3C19430D411AB886C819209AD936DF3A09FF8508BECD88EF0F08ECC100FC7B0449C2519D554259B82143AA209C28235F97188B8F74C9BA22318D52B98F0738AF19A1AE44F4FB8284BD40E382A37728684056111CBE76313622FF0192CCF96573AC787F6190F42D90C24C98065350F4F2719FA900F35577E032A7BC4605A9AF081B2A70CCB900CC3A823BDA281DD565E41D90E9D9552C5B508B570A46E891D9AFF222CE9612256411720416A0BB5111C376D9E32155296121AA68B5CC580C3307DF730692239819E2716D5940CBC300C98D00B4B9A6CF9D178D7A919F9312D93B09C6CA9819280094FD452729452BB084703B53C65F790629A454911149AD16C4F09A46EE62A518106D1420C73E7A9E1170C35EA8EF83081B1BA6E20C5299C32909EE779CAA009849173E63A0952865159E52B18557E48150CCB1950D0751DAF4950C441503BE24145371534330984E3940E613D84992467F1A873930F45589C7D5849F0D00C75448C82F551950437DFB218BB2719D1807B5F32A41AC82B7F3A0C0A44A293E04E67143CCF140C94754A86EAA4E0526605211584840958C3AC13FF311D81F329D2F26AF44084D3F78EF7B071A3379CB14A58119B0CF860849AA10F73A312959884350B8DF6F1A7923006300780E4F45A8A677843B308D1047420946DD5D478628303D146171631063A351719515799DA6134153745B89F0EB89FEB8009AC97769D454F1D4556C17981CE7133B7F92DF9310CA09021E56AAECB77A7B2F22DB297094AC743E60309BC70612A09A0D574B9AE468E84491684343BB5141116C1883F386DB9E33AF280A6E7C87AFBE444C4C85129157799D08E9B137E71313780070D9C728A8E5B2500BB13B89754161A0CF3B65FC2E76B67B44F1D6547F930B6ED8072B2E9660ED574E33411D4F14DA2E12A35460CA2E4959B52479EFFA570B1CB7AAAE795F6190CE9012151E8819BA18C47517E8BA054A259754A67BC59E7653216634D830926664A63BB9C3023A69A371035C163D9829B08515781929492911E0E9A666E23586B07B6DBD76A2195957DA81E5F5482B907BC52C82742F49CB61009F4257C3FA9893C9478C6BB78F6F41E8B200997805420F524DEB11DC92684D8A1A7A20B95981A1935B42CA0B4A476245C291537A3F44CBB2A3AD3D70CF1604F0A824728694136B72618F44E91C00BBBF084C20709BAC0C5F166BF30C85F4D6C458F54201F3320BDE1297BC9634CD99E07C1716FFB838D2806C4925065565CE1B5417384C47C283A43CB0B3736221AD8BA87E6242F63375D9C5BADFFD36BC000098A60782397748897C2EA1009769C40B6B5212E41B0CF0115939006B3D445038BA549C95089E56E37A20CC3399CCC244DA5B48442698EF2800CF98009886351621055E0BB7D4BD31252B234096578BA80A1675016B965465CAC5F49E76B2CB3055F549D15251D5823BD4A12144C291881CB24D0CA205A8A065C602099C04CA31450017A619BE295B2FC4CFC9A1EEB1359E1C5285A827B65513316556567100639A00346F081F5C7C5F5B70892236502F21E839927055174C8619BA2BC10165140398B6C0C3C5BE9925776444F31E54F194647E738811BC62A35D63EDD1759F26073FD188062812AE6D36746A00625480EB4B00BA9933A8A100C99FF9003397011628369E481A9B3B90C2061C0A745C018A1C6796280D13015CF462A8135CECFA47A17165EE037CBF860CBEED10BE8222ADBB73975E43431E01CD2B9816D2209BB30CCD2B1815562462EAD0BB4400BC874C5BB500BBB70035AF2D0D3F61C86617EBF1B430BE17CA4D88A0A76D437A3A2AB020685464F175437238209C973095074A1186A20368094BD4956CF74816D024AE921368F04066B4D0E7EF75A94F554B5A0D62F5D0EC7733C66C4D66D567603315BE5011521A1196E3C10C7AA79A43114DF122AEB410BBAA008BB100CAEB42E925337840DD0EBF24788A228A12209EC105FC8B00E54C621CBC29691F00D2226D630ADD698F04648B64122C0F54C6A4D0E30033856C153363C10C480120018BA8F8145AE62DEF11931BF1C03BC5D0B929342841006F94D45AD732C61A005A77352F7140681C57D9713096FA23AB5903CF284AB92B3D6BA400E680D0CCBA98371E339B5C0DB6ADD3A204A1FC826733F05D47088101C275BD3066595A61E2F43D810BED628243D30BE0560500860D03A5B2035FAA33F7D54E3EF222AB31C3C8B40D819BED6C3E0919B2209584C0B12AED6A41D099360044010E5B8A7096F80A8887A3EE8B92416126BD30612A1FF7C5A8464D716527337F0782CA6084A6E46BA90E1885A34AB430B52C33F85C0E6D203E7889AE1B5804209E5B5CB823A6BBDD6550BE5B3FB51E540DADEB0D6870E224060018B4E2DF99C0391400B7DA44C37D0E167A26307311DB639B04C55CA62611FF29149106EDF6D2E355203E730B305B500E0A963EA2F3EE7B480E7FCFD212E81A87FCED668300640B08F97F359B6CEDB925E168CCEE840A00969F003373DDAB4100CD5136DAC78E9DA4160B06748882406F36366FA509BB3A63F799EE3ABE3EA015E08AE5437735E08E2CE625233E46CDE3A2F8C3C56C5ED6BDE6F3A000499A036C2000746A003D365EB788E063A30EC8CEEE869B026C2F00D97001F22FFF12A7812ED54513117C17E0CA197C95613CB926620C508F64D45388EE3FCE30AA773DC28D4EA3073E7564EEAA7E18116147755520B49A5063FB0EBC9B00E9910E58C8EEC381009785E0B34BFE88B0E07F430F063900371D30BFFC3F046D5DAA2513320D116D5EED7CB505EE4584DF4200FF1E03C331E3561E047F6EDF1A7530BDF0ED0DBD49692600B5E7B996A00E53980EC693009FE0452D7E1F268F00D4494063C4FEC3FA0036D3F0C75CFF39A200F68203E38770C3B8211A166F417822F2F0498578106988ECB6F255F97D36B22D66DBE88511FCF37C69DEE8580E4F6A21800FA5474BFF716B08F30065D99900669A0EEA10FF03D7F3CF2400C501EE574FF9F76559B0342F1BC58B5D306212904A1E9242AB01D838450412229110FEC105331455FDCB744C77F681F85A1303EE700AD807BDBBC4B8835F93EEC3C0F04C3F0D2D0E452FAB3D6B530063F6001DA9F03C5BE292124093AF0F263E0B5F250D369A0061BA7200BFF29DB3C169A6EC00C11E600B14F203D346186CD13D60E59BB79ED12CA1BD60E224484F2E4B11316CCD6A2459394E9A3376F5EB290F3862D621789CC0F20402CB8049263112D9AB484CDA4A58B66981C2D2D8CC92126C724614585EDB28546522D9AC178A5D1C4ABD6961B9204EA13586F1FD67D5AEB61D52A50E0303162266522A64C9958B662C50CDBFA5519A33099D82134C92E59B08711FF9361DC85C968515E07F5894C7651DE31799116EDDA550B8D9A1C1C5A06155333A718348C6831A5B5480C4B20A4DF6462848997B09C9A699193B4AB9DAE4561B8648ABB35EBD5B660C7A2E18C766DDBB66188E9DE474F4C984914D90DB3C84E92B0641285F192446CD8B05EC2B68B9C7731DE3A60F080A90B16A6D6AECFB5D2A4D1F1A3671AA68BEAA71123A966ED4592C6FC58290DED861166129C6AD2C926BE428B210C7AC4F22DB7AEC4D28A2B65CA42E32CB588132B1331A0E90A2BE5C2784B22E8122210236124294C1F17C10B4F1E61C8330F1E75CA538736D76A11238D318C5063178E685A24873180036D114578092F19B5428A6E18346A614A176FFF682A671E7A782924861BC4F8E841DDB81A33440AF7B9D043E126E470123091D3C74D839061874EBD188AA43062E601A92491EAB42818F3D4A9511D6374D9A22672685184965DB693A7BED07AFA4187D8CAD9E59B848E51271E876AD1291865D28869262A69DA45134D74B8218C18B4284B9249F4F16AC25ACF14118D4C32CC44996540E4100D34C212932C1277B90E13BEE4C1AEA4649AC40B1979D609A65A60AED5055BDAC2D0ECD42CD54988A65A7A7AC90862F4AA939D78D44986355D74D2851C464A8B298C300AA9651161C8B0408C1BBC5C8EC43086E3AA603375AB071AB3381B46193139CC0F4E8132D942E030B610630B4916C90421E81492482461FF1409A3362D2EAE788B946DD8824A2AED43561860E2C18817316002020E9194494B194DB4B392A62B6989E4E697E2CB210C46308C7598B48C9D352C36A5064BC45D794D2B1A0EF71123135A73C38AAC066570F562319259CDA28BA40D460C1CCA26510C460A6AB5412F2B068EB3ECC83B0F999B593242137AE851B525208C008291465BD34934977A6A2993864DDAB3249084596E38310BF68ACC3831440B1AA9DB326B20DEE41A469361506B150D151B4A6C1D482E2651387A5C048967622671F506A058EA4993798231B49DF7C660B1614D607AA9341285863E0C35E4435C93496004AF1D4944A2872E6238DF8D2DAC68DDB52CE18623EE06DCB8DA1C4281FFE6BA818BE99E132918482AC6219307B9BA757CDE7120174C8C1012619844128C0095A324C13C97BC643955A2894EDC93864D382C130C79963C9E3592478D441237889AFBAA66ABADB8293882DB1AD7E0F295AB5488852C94C472C4D09DA21CA33624D25C5C70E722DD28A74100841C10325114BD24B026625043039997349C0CED33C3B8CB3C7A8109F014701E513C88487881C3F191507CBA299F591A863ED2AD65841222133102268645308217B5294B177943C20A1143606FBB0155B800332A71EB353491044B5E32C896880182AF59442F82A18B5DE88211D81B096224398C8A1D874DEC4B0ED83C84035D69622DA3730B5C909349E4EC0F4D6459CE97FFBEF426333D88855DE44A26D0420C0F91E8067964512DD4A399488CC127CCB3C01B96C2142A756C1DC4A4622485C10E85888421ED0809EFF43747AAB98F18794B43C312469C4CE0E07B66C22429BB488FD56D272D729458585E68B0AE28C384AE5ACE16C0202E40FE60908354033164F4A85EE84F19C3A0C52BC2108C5D4422127421911537A8A561E07037FC335DB196D3496500AB2D1E12A56FAA89B0ADF18F565FDB1C0B47D93EAEB8A396FF2A19A370D20B4D00C9A59AA8D63A56478CE501818D54898197B8D0AA5685E122929CC785EA62CA09A1732B17BAD024B4D9A68181AD87667AE52B4B394A3249AD5655156172D4288618306217E5B00F2324A7FF3A4F3A8C404314464B5F92837F35A86B0D2386246220062ACA8321415D91DC72A8511175454DBCDA1071DC20064DB0B37D539DAA485B183E834154876C120B3D3E6890619C6318BCA087328E52A0619CA56132F5897CA8D23532BAF362547C163987618B5659B2A3574993597A45C60E956518CB38A3173129D2AA8D6E7CEA7C68F878435435924879EF91253B802123A7B0831E6985C918FE850631D1231AD54D0389EEBA1D5ED0E54399FC0A0B5D199761E42F38C4D82671948109CEA01793E00B8BE72A44A1081DACAAEC04E5568ADB239F8C217FEECA892E82A18F9AF6EE4D1F2D133D781789761D441224A2EE1C7BF3BE4CD445B66AC96F3D78563E34FF98312B64E22882D1F8616A16D5AA070B2F72CA6B2FA1AC150785988995DED50E65C0C14B731D0E701F26D4025ED6BB9340585FF7A7E1F24DE24B194ACBD6D4928949E40D0DC420EA3AA97AE2D1754EC2E22431AED0240619DC720C6BB5D77ADE458B6090258F62B0242C791336CEB40313B6B0D70D56384AB12C434A66F9D72A674B5B3411B97C1E12831B8E2362DF8869BE866D0B70B1CA16DEB265445DFE8F2169A2081873E46E5D039B0BC377214608A317319CEB98B4B23F65D452BA732D4BA0279164251383964DEE1A86BEE9D4320117B2B4FE9A7DE73B35339976B4BC10D2C550DA208CADCF7453EDE230E46CB3560139D7582975AC709047557246FF4368E290E8A0B161263BB9BD04D3B4FB6A0D62503A36B874A6B0BF0406B0B3F0AE2C1F11F761AB7B217FA13A1A9C7367598CFCC354CBF67C297C9FEE642989BC011A2DC7EE2B1DCF24D22117D574111AF5B1F7410C46CC95441E619FE4222B5C1473857717FF88564A6D643CFFCB6D71E3D59E011E966D73BBC9795BE59341F43089D53CD18C260E88192B1068EC0E3729DC28CD452A174D685C2DAF66F22DE3B74AD0C9D2D57C067AC069CAE4979B0F381EC16D8A791D71F03636D3B61AA1B9D7CC75F7DD4AE2EAF564B79F9C672EBC2DD5BA3A4B59AD6BDDFC2A194D4797A5DADF7EDE7B9709DD3837BBC3E96CE5AFE57A8EE35DF3C1BA1E225A025A1937FF0E030E64C819B89F6F2D5A03F8CAF5A11697133C6F94374BD6B44EACC74E19DD29D639710C2D425B87AFEF234F832434B18569D33EF26F4FC3592CFFD1BA675E2C5A4B18E7A73E89AA5B3D56BDC2ED5371AEF809211E57117FE1175B1FCECDD3B21105CF7318C826790CE94A964EE3FCAD7D3FFEF00A3FEFC5EF9A93CF92B5102327E29E5B6CEA2F09DE3279741FCBE019ACF59D67B2F98B6919D2BDA7DB10ADC0BCF133C07DD01A7DC03FBC93A54920B854FB12FD538A4928AB9DB3BFD6E33A39F2AD10F10ACE63B2E5E02423BB258B03C1EED33DC9E919D1110B8B3AC0165C410DD39DA2932561290BB7531FE040B900F4157A48BE9A43A75AD9B507313FFF588B9BAEA1369D5A25EE9B9B7673BA9E49180274C128BC3905DC3C81A33A1AECB7B729BA072C0B080340A73B1F287B923134A72BCC1B080B8E4CB8B1A5EBB7FFCB84D39825CEBBAE0294C23AE4906810B9A36BBC76038E333C393C9AB619FCBC542B42198A3C12E124CA5BBF1BC0012F59BAED2BC1B723B813749A9E993B3BC44480B390E0E3B6F343833418C4369C2B55BA2526C38434C084497003E223BE4CB825DA834594723BFF6B4361C99055CC04B2EA998AAA073ACCC45F04386508BECCE299D4599DB3883D1AF4B636AC368059C31BD8BE43E4BE5AE40CCAFBC2B1E219CEE34187EB3D60F4C6DDC043CEC3BBD569402663324948C66A0CC536A4C6AD3EE48CD86BC513A42501540BD1C10A5FFCC67CD4C43A534071A429639425192C47E2CB105B04BD3EFC445931C713CCBB7914C06D5B86F1C2437DA44829A495EBAA2871D443B222C781A43A73FCBEA233C69FD94571DC366CABC894F4C689ECC551BBAE96F3472B6C3C872C49CE6B3991E33895D4C95F2C18E0639365B8BF7ED4488DDCB627DC0710A93B7DC0C79D64CA95341816BA379C242550DAB5A6B4CAABBC39B6004A04943FAC74C18000003B, N'कुमारभारती', 1, NULL, NULL, NULL, NULL)
GO
INSERT [dbo].[Mas_Subject] ([SubjectId], [SubjectName], [SubjectThumbnail], [Description], [IsActive], [CreatedBy], [CreatedDate], [ModifiedBy], [ModifiedDate]) VALUES (2, N'MY English Course', 0x4749463839618C00880070FF0021F904010000FF002C000000008C008800870000000000330000660000990000CC0000FF002B00002B33002B66002B99002BCC002BFF0055000055330055660055990055CC0055FF0080000080330080660080990080CC0080FF00AA0000AA3300AA6600AA9900AACC00AAFF00D50000D53300D56600D59900D5CC00D5FF00FF0000FF3300FF6600FF9900FFCC00FFFF3300003300333300663300993300CC3300FF332B00332B33332B66332B99332BCC332BFF3355003355333355663355993355CC3355FF3380003380333380663380993380CC3380FF33AA0033AA3333AA6633AA9933AACC33AAFF33D50033D53333D56633D59933D5CC33D5FF33FF0033FF3333FF6633FF9933FFCC33FFFF6600006600336600666600996600CC6600FF662B00662B33662B66662B99662BCC662BFF6655006655336655666655996655CC6655FF6680006680336680666680996680CC6680FF66AA0066AA3366AA6666AA9966AACC66AAFF66D50066D53366D56666D59966D5CC66D5FF66FF0066FF3366FF6666FF9966FFCC66FFFF9900009900339900669900999900CC9900FF992B00992B33992B66992B99992BCC992BFF9955009955339955669955999955CC9955FF9980009980339980669980999980CC9980FF99AA0099AA3399AA6699AA9999AACC99AAFF99D50099D53399D56699D59999D5CC99D5FF99FF0099FF3399FF6699FF9999FFCC99FFFFCC0000CC0033CC0066CC0099CC00CCCC00FFCC2B00CC2B33CC2B66CC2B99CC2BCCCC2BFFCC5500CC5533CC5566CC5599CC55CCCC55FFCC8000CC8033CC8066CC8099CC80CCCC80FFCCAA00CCAA33CCAA66CCAA99CCAACCCCAAFFCCD500CCD533CCD566CCD599CCD5CCCCD5FFCCFF00CCFF33CCFF66CCFF99CCFFCCCCFFFFFF0000FF0033FF0066FF0099FF00CCFF00FFFF2B00FF2B33FF2B66FF2B99FF2BCCFF2BFFFF5500FF5533FF5566FF5599FF55CCFF55FFFF8000FF8033FF8066FF8099FF80CCFF80FFFFAA00FFAA33FFAA66FFAA99FFAACCFFAAFFFFD500FFD533FFD566FFD599FFD5CCFFD5FFFFFF00FFFF33FFFF66FFFF99FFFFCCFFFFFF00000000000000000000000008FF00F7091C48B0A0C18308132A5CC8B0A1C38710234A9C083193183414336ADCC8B1A345311F33751C49B2E448346294095486264C4A933063CA34380924BD829A502ADB39B3A7CF8C16D1A83CC812643D68F57E2A5D9A1065A69BFBEAE913A82FA9C0A0CA8E32DDCAF4E2508256F7555D292625BD685CD3CAB49829AC438B69E82D83AAB6EE469D54DD321C7611295ABB80258A994477E054874595D1FB1AB87142B687F7414D2AD561BD4C3832658DECB8B3C09A8C0526E5FC90EFA49DCB3C7BF67A70EAE8D10F831ED5AB5AED6088B41526CE0AADB65AB60DA11EA647BC30427A3AB3FAE66A7198E186CB864D42431DA5A4618A251BD497260CCFD0CB6582FFCE2BFAA0D4CB62C2DCD88263CB8D30326E80246D55D9A430C4C087878977215D6592B814831831DC30605965B9B4596574BD01D24EFAEDC7D145A98D455A41F4102386810516E89E1869F0228924EDA1619C76F4B0A59256128E04223D9CD1169926EA1168A08D036622498238C837D4580459749A722D4E88C6619511E45A54620D13467B1DC620E580C34812E5160532F2159037D5A4994A1116D9106B6131C8A45802D1830381614C19030C0566D20B876E1628D49991E963517E448A19D145C221B464549974C8219C526E210623875E89832403514690533CF909517F2B1133CC30C454069B58F7C5B0480C584E295F7A75221A439B6D1D36DC5562F0FF19A6A50401BA125FE9F518061A924C82093151E9430C0E052EA2451870C219C6B252AADAAC94F241458F262251B54C4BF945F517AD07E1A50C5F06DEB01E87E44A92CC3256B6B9489B75D67943B2744A89917DCB1203A43E68E0C0E785DCEE331E721E9E7A830C6DB637F081871A8868B2CFB6BBF0AA3519F82879CA5C440C52FD16549373FB4842707C03A2D466BC6F368CE8C8CF36AAEC2230C4BB5E18EE115358C568E457CFAC125AF4C955E1D65996CAED4E1949248A2C6B74188CE8D86618C0ECC2AEB26114B20881290DCA5726174BB5ADA52091B5DE940C8BB185B305321C8622AB06B3CE3AC1CC238F30C3CCA34F8A612CA2CB88A5925A4B2DAFD4FFD2A689531DC6567ED1E42661182275B961C360375EB29B752FA24824C0C4234F3098F082CCE5F8D0D3CB199108134C0C368CBD4821B42C42C8225B84A149795375A78962FCEE07E250F48098C3D38C3FDD68C9C1041F0FDBF284CE4EF0C108036386BB4032AA94A82FD2372DAD8B0123ECBC62BD0CC645DA2A96459AE4302EB4CF2AA20BEF0A1718CCE6C2C4E3FEDB6F3B9D8C76FAB003C99B062E42CB2B92F35FEF733703097692D21B09ED88318C40431AC6909EDD314C4A8B30C6F91C47AA61082312EB9BC730DE56B7304C621EF3B8893284B1AE66454D1152AB9B7B307293B00C4E19DC0B0F70B4A38C91A5A45075B2C1B2D4018CB1B9094E37105DF0FF76210C10B2230C91604432E426B761302212A36A53EB0A812CF7ACEA2568A2CA24325329DB4D82331AEA904BE8A42C5DE82218F088A2B256B52AD1B163188B889BDB92210F102E911E1614867A1EA7885A14E2465E990C90D03009AC65056775A10EEE04328CF119C83D4B134330D4118C78006372300B4330EE072746AC4B0CD7C9873CDAF1B622863084C4D010BBDEC43745B40E3B09590C48F253C0DA58043CE092C1AAE283B4595A121E6CE3212434198F5DB0310C9288441840380FCCCD4318BB48062993418F79EC6318AD4394D45A1783A764515A03A191216F569BAEBD8691A41ADF836054BF6000038D9564473CE6810C49583106C1688730DE96FF4C6108C35775ACA330E6A68F0D5911590642DA4E3EA5A47A38256BAAA1CE4DEEB50F62B864123B8A9658EA318F64B043189208863CD6C1BE2366523E4B9C073BD6E1CF61F46217ED609F1C2BC621306014472EC9443292D24220552C135F8AC689D4321EB0F04C12C2E0C5BA26B1517D0C8317EB785B4C2D17094C04680B999844EB8441C7A4D602A921AD63F28A288FDC71730B2652462FD243B0014922422FBCC9D6EAD2B54865D14962B060128F8426279E81119800A13FDB310F46280A1AF458DA2E34F8B660F04218EC40463C1851443ACE0313EED1C27B86A10F0D56E9671B7AEB6B5C43A96520F227D419CB4499849E300CC3B1F250C94DAA290C46FF2053A08BC0E0B25E272CA305F694FB94C74725310F52B2E3185A7D6418DA273A7538A31D4E5C0F0E4C64909F62A78576D99342F8B22B7D86702020BC9C299FC98BB2282A3B1535E8728741CD8E4A62114B94C731D6D1C3D215281297830430E051B963D06347EE792B38F7C196D96DCF2E5D9B0A382393893070010D209C9B503B4AD23AE6631E174E86302E4215B1106311EFD105145DB2AC4514519EC198E09BB660625DEC1718EA30863AF0513107DF601268B14A55D000D46CD5653A8571CB6B1AFC9ED3044BA5A203E13042274DBCAEE830CA60447A96B6AA454082AC93ECE1AA124A3975F0101832064659D52B89D50A444393B8AE50D3E2BA347538FF492BB94F597E050D7D2C83BCFE1CAB1C791186345485337A62530C14B188E0B14383EEAB2F966EA00517F3D7C5EAE0AF31EE410C4629CA9BB0E171266667B89EDC26460411A19C27412D3C4A25BC48ED052F7891BC79A487A9915AD2B2B6A0DF4BD431A56F53C4D7D6B30B60C058BF31E6A197EF115DF77C71A3FBA858212F7616A64CE2062B6AAA9B19D992AEFDEA9ACA989B6091CA0849B4439F65190A9CF5719F3040C2CB90689B1D571A09F76C4187BE8E71AFBDCCDF17D3383DAD6B4B6FA622893418922B9F9676A82D925395706A6E7043AC607911097A969BA966BE89456FB08860F330786C8B473024414894888ABFEA08C397611C66758C79435DFF6B21344069C835FF240D773A53B024438C0085610CDFDA87DBB2AD0C965A9099460C10C13281243415343DBE26F9C877818934132319005A168C814139602C22DE3296F1339C4862DE12AA90035CCA600267F43435F8229AC0F030E8818F785C7773ECF8A8E8FC1952DB866C5F3C9D728AF53BF760704A5692D12AD3647C6E60E822CCF088B43AD6A18F1AE3003F6769BC02B186D8B9C2C422833ACF355182064D54B3EDC380463CEE8147954A768949C5843090B14F9B13EC2269564683B7C00860248D1858DB54E3C97E1646595998BF0EF68BF91B427C8B01141B95BD245AFE9304D36F2594721B3EE041EC7AC88319F3F81632D8218FEEFB531EF8F027FF32E631098C56FB3D08BA0121BF84A60C410542E812838B7D1D89C3CF3FD8FC8DEAB39FE49CD53A74D9D9D6691C9109D4051B52B10CB64518FA200FF7800CF6200F9C350FF8907D16F436F1E04F839109C380351C480C9A201D3FB32A975619CAA029C3600EB2C2539250785F460B58176953270C1FC81E62B00F05541959B56959617924311F597418C9501689E30CF1600FA34774C9B629F9604195B40E91F056C3A0091E685A307431CA900C35912BF6421CC3700EC2700E9C420F183315D0D00BC2C7432E16665347759C5563F82173C9963D59533B13825D67420FCF260942E54FF7200C0F28339A02814AA63697C00E9A916CED451CB8470F5251823BFF72312ED585A9C459CB6067677148C30063F50663F5B786BB405C72F35F43872649527E1AA8123CC8113CD6610A66838CF028F4900F20953CC8406C71930C1A870CE327446FB329C3A04F23F22D1A881D8D877BC90086EEA018BD5182B37316CE180DAF057286E76B75E36B4C876111467058541E2C018040521255734E1EE612CE810CF8205EC3208BF7D00CC2700F45A871FE44471BB84FFEF4468F456A76B68169E08B2A6167C2422DE5373B8AA1189AE04E67A80BEB024574D40EF9404DB2E412C0421A92F00643921A26D12B817257E1B6800C880CC9430FB5180FC8407D93D687C2F02D71A30C1D055DFEB40B03496085A481625189A6E581BDB223BDFFE28B92D008C2106FFCF5688B800975840C841561112309AEF167E955483B31541AF112AAE5662DC142B5C88070330CF7407D24C55FEE880C16448CFA544474478CA6658A25082647A12119280952761D1B748BBC807F2FD63422756BCC54435CB08D03C1121B383BFB908A1341803FD261AE880384B10F6D770FE0C70B99007E93160CEE6884E3E795DAA66191004ABD900C8B287B6B171DBC7133853422BD32347E575B48255059967868D836E3776820F45FEF512D33B70F9A90810B45877F522DE0241516E53A73638EF1E00CF280850CF88EF6700C59B944C910814B0858FEB4086739903DA61942150D9AE096E55725BBB00B8F3558CB8947EEE46B8FFF465C76194281865627821C84942D02081166419887C11738E01C12180FE7E87D8E790FC7608492A941C9564DCF744185942269068D6330099FE00E4F311772A2813AA234C9E38B451437C2120C91B00B57677598509476441C09022CDA5119D3C19430D411AB886C819209AD936DF3A09FF8508BECD88EF0F08ECC100FC7B0449C2519D554259B82143AA209C28235F97188B8F74C9BA22318D52B98F0738AF19A1AE44F4FB8284BD40E382A37728684056111CBE76313622FF0192CCF96573AC787F6190F42D90C24C98065350F4F2719FA900F35577E032A7BC4605A9AF081B2A70CCB900CC3A823BDA281DD565E41D90E9D9552C5B508B570A46E891D9AFF222CE9612256411720416A0BB5111C376D9E32155296121AA68B5CC580C3307DF730692239819E2716D5940CBC300C98D00B4B9A6CF9D178D7A919F9312D93B09C6CA9819280094FD452729452BB084703B53C65F790629A454911149AD16C4F09A46EE62A518106D1420C73E7A9E1170C35EA8EF83081B1BA6E20C5299C32909EE779CAA009849173E63A0952865159E52B18557E48150CCB1950D0751DAF4950C441503BE24145371534330984E3940E613D84992467F1A873930F45589C7D5849F0D00C75448C82F551950437DFB218BB2719D1807B5F32A41AC82B7F3A0C0A44A293E04E67143CCF140C94754A86EAA4E0526605211584840958C3AC13FF311D81F329D2F26AF44084D3F78EF7B071A3379CB14A58119B0CF860849AA10F73A312959884350B8DF6F1A7923006300780E4F45A8A677843B308D1047420946DD5D478628303D146171631063A351719515799DA6134153745B89F0EB89FEB8009AC97769D454F1D4556C17981CE7133B7F92DF9310CA09021E56AAECB77A7B2F22DB297094AC743E60309BC70612A09A0D574B9AE468E84491684343BB5141116C1883F386DB9E33AF280A6E7C87AFBE444C4C85129157799D08E9B137E71313780070D9C728A8E5B2500BB13B89754161A0CF3B65FC2E76B67B44F1D6547F930B6ED8072B2E9660ED574E33411D4F14DA2E12A35460CA2E4959B52479EFFA570B1CB7AAAE795F6190CE9012151E8819BA18C47517E8BA054A259754A67BC59E7653216634D830926664A63BB9C3023A69A371035C163D9829B08515781929492911E0E9A666E23586B07B6DBD76A2195957DA81E5F5482B907BC52C82742F49CB61009F4257C3FA9893C9478C6BB78F6F41E8B200997805420F524DEB11DC92684D8A1A7A20B95981A1935B42CA0B4A476245C291537A3F44CBB2A3AD3D70CF1604F0A824728694136B72618F44E91C00BBBF084C20709BAC0C5F166BF30C85F4D6C458F54201F3320BDE1297BC9634CD99E07C1716FFB838D2806C4925065565CE1B5417384C47C283A43CB0B3736221AD8BA87E6242F63375D9C5BADFFD36BC000098A60782397748897C2EA1009769C40B6B5212E41B0CF0115939006B3D445038BA549C95089E56E37A20CC3399CCC244DA5B48442698EF2800CF98009886351621055E0BB7D4BD31252B234096578BA80A1675016B965465CAC5F49E76B2CB3055F549D15251D5823BD4A12144C291881CB24D0CA205A8A065C602099C04CA31450017A619BE295B2FC4CFC9A1EEB1359E1C5285A827B65513316556567100639A00346F081F5C7C5F5B70892236502F21E839927055174C8619BA2BC10165140398B6C0C3C5BE9925776444F31E54F194647E738811BC62A35D63EDD1759F26073FD188062812AE6D36746A00625480EB4B00BA9933A8A100C99FF9003397011628369E481A9B3B90C2061C0A745C018A1C6796280D13015CF462A8135CECFA47A17165EE037CBF860CBEED10BE8222ADBB73975E43431E01CD2B9816D2209BB30CCD2B1815562462EAD0BB4400BC874C5BB500BBB70035AF2D0D3F61C86617EBF1B430BE17CA4D88A0A76D437A3A2AB020685464F175437238209C973095074A1186A20368094BD4956CF74816D024AE921368F04066B4D0E7EF75A94F554B5A0D62F5D0EC7733C66C4D66D567603315BE5011521A1196E3C10C7AA79A43114DF122AEB410BBAA008BB100CAEB42E925337840DD0EBF24788A228A12209EC105FC8B00E54C621CBC29691F00D2226D630ADD698F04648B64122C0F54C6A4D0E30033856C153363C10C480120018BA8F8145AE62DEF11931BF1C03BC5D0B929342841006F94D45AD732C61A005A77352F7140681C57D9713096FA23AB5903CF284AB92B3D6BA400E680D0CCBA98371E339B5C0DB6ADD3A204A1FC826733F05D47088101C275BD3066595A61E2F43D810BED628243D30BE0560500860D03A5B2035FAA33F7D54E3EF222AB31C3C8B40D819BED6C3E0919B2209584C0B12AED6A41D099360044010E5B8A7096F80A8887A3EE8B92416126BD30612A1FF7C5A8464D716527337F0782CA6084A6E46BA90E1885A34AB430B52C33F85C0E6D203E7889AE1B5804209E5B5CB823A6BBDD6550BE5B3FB51E540DADEB0D6870E224060018B4E2DF99C0391400B7DA44C37D0E167A26307311DB639B04C55CA62611FF29149106EDF6D2E355203E730B305B500E0A963EA2F3EE7B480E7FCFD212E81A87FCED668300640B08F97F359B6CEDB925E168CCEE840A00969F003373DDAB4100CD5136DAC78E9DA4160B06748882406F36366FA509BB3A63F799EE3ABE3EA015E08AE5437735E08E2CE625233E46CDE3A2F8C3C56C5ED6BDE6F3A000499A036C2000746A003D365EB788E063A30EC8CEEE869B026C2F00D97001F22FFF12A7812ED54513117C17E0CA197C95613CB926620C508F64D45388EE3FCE30AA773DC28D4EA3073E7564EEAA7E18116147755520B49A5063FB0EBC9B00E9910E58C8EEC381009785E0B34BFE88B0E07F430F063900371D30BFFC3F046D5DAA2513320D116D5EED7CB505EE4584DF4200FF1E03C331E3561E047F6EDF1A7530BDF0ED0DBD49692600B5E7B996A00E53980EC693009FE0452D7E1F268F00D4494063C4FEC3FA0036D3F0C75CFF39A200F68203E38770C3B8211A166F417822F2F0498578106988ECB6F255F97D36B22D66DBE88511FCF37C69DEE8580E4F6A21800FA5474BFF716B08F30065D99900669A0EEA10FF03D7F3CF2400C501EE574FF9F76559B0342F1BC58B5D306212904A1E9242AB01D838450412229110FEC105331455FDCB744C77F681F85A1303EE700AD807BDBBC4B8835F93EEC3C0F04C3F0D2D0E452FAB3D6B530063F6001DA9F03C5BE292124093AF0F263E0B5F250D369A0061BA7200BFF29DB3C169A6EC00C11E600B14F203D346186CD13D60E59BB79ED12CA1BD60E224484F2E4B11316CCD6A2459394E9A3376F5EB290F3862D621789CC0F20402CB8049263112D9AB484CDA4A58B66981C2D2D8CC92126C724614585EDB28546522D9AC178A5D1C4ABD6961B9204EA13586F1FD67D5AEB61D52A50E0303162266522A64C9958B662C50CDBFA5519A33099D82134C92E59B08711FF9361DC85C968515E07F5894C7651DE31799116EDDA550B8D9A1C1C5A06155333A718348C6831A5B5480C4B20A4DF6462848997B09C9A699193B4AB9DAE4561B8648ABB35EBD5B660C7A2E18C766DDBB66188E9DE474F4C984914D90DB3C84E92B0641285F192446CD8B05EC2B68B9C7731DE3A60F080A90B16A6D6AECFB5D2A4D1F1A3671AA68BEAA71123A966ED4592C6FC58290DED861166129C6AD2C926BE428B210C7AC4F22DB7AEC4D28A2B65CA42E32CB588132B1331A0E90A2BE5C2784B22E8122210236124294C1F17C10B4F1E61C8330F1E75CA538736D76A11238D318C5063178E685A24873180036D114578092F19B5428A6E18346A614A176FFF682A671E7A782924861BC4F8E841DDB81A33440AF7B9D043E126E470123091D3C74D839061874EBD188AA43062E601A92491EAB42818F3D4A9511D6374D9A22672685184965DB693A7BED07AFA4187D8CAD9E59B848E51271E876AD1291865D28869262A69DA45134D74B8218C18B4284B9249F4F16AC25ACF14118D4C32CC44996540E4100D34C212932C1277B90E13BEE4C1AEA4649AC40B1979D609A65A60AED5055BDAC2D0ECD42CD54988A65A7A7AC90862F4AA939D78D44986355D74D2851C464A8B298C300AA9651161C8B0408C1BBC5C8EC43086E3AA603375AB071AB3381B46193139CC0F4E8132D942E030B610630B4916C90421E81492482461FF1409A3362D2EAE788B946DD8824A2AED43561860E2C18817316002020E9194494B194DB4B392A62B6989E4E697E2CB210C46308C7598B48C9D352C36A5064BC45D794D2B1A0EF71123135A73C38AAC066570F562319259CDA28BA40D460C1CCA26510C460A6AB5412F2B068EB3ECC83B0F999B593242137AE851B525208C008291465BD34934977A6A2993864DDAB3249084596E38310BF68ACC3831440B1AA9DB326B20DEE41A469361506B150D151B4A6C1D482E2651387A5C048967622671F506A058EA4993798231B49DF7C660B1614D607AA9341285863E0C35E4435C93496004AF1D4944A2872E6238DF8D2DAC68DDB52CE18623EE06DCB8DA1C4281FFE6BA818BE99E132918482AC6219307B9BA757CDE7120174C8C1012619844128C0095A324C13C97BC643955A2894EDC93864D382C130C79963C9E3592478D441237889AFBAA66ABADB8293882DB1AD7E0F295AB5488852C94C472C4D09DA21CA33624D25C5C70E722DD28A74100841C10325114BD24B026625043039997349C0CED33C3B8CB3C7A8109F014701E513C88487881C3F191507CBA299F591A863ED2AD65841222133102268645308217B5294B177943C20A1143606FBB0155B800332A71EB353491044B5E32C896880182AF59442F82A18B5DE88211D81B096224398C8A1D874DEC4B0ED83C84035D69622DA3730B5C909349E4EC0F4D6459CE97FFBEF426333D88855DE44A26D0420C0F91E8067964512DD4A399488CC127CCB3C01B96C2142A756C1DC4A4622485C10E85888421ED0809EFF43747AAB98F18794B43C312469C4CE0E07B66C22429BB488FD56D272D729458585E68B0AE28C384AE5ACE16C0202E40FE60908354033164F4A85EE84F19C3A0C52BC2108C5D4422127421911537A8A561E07037FC335DB196D3496500AB2D1E12A56FAA89B0ADF18F565FDB1C0B47D93EAEB8A396FF2A19A370D20B4D00C9A59AA8D63A56478CE501818D54898197B8D0AA5685E122929CC785EA62CA09A1732B17BAD024B4D9A68181AD87667AE52B4B394A3249AD5655156172D4288618306217E5B00F2324A7FF3A4F3A8C404314464B5F92837F35A86B0D2386246220062ACA8321415D91DC72A8511175454DBCDA1071DC20064DB0B37D539DAA485B183E834154876C120B3D3E6890619C6318BCA087328E52A0619CA56132F5897CA8D23532BAF362547C163987618B5659B2A3574993597A45C60E956518CB38A3173129D2AA8D6E7CEA7C68F878435435924879EF91253B802123A7B0831E6985C918FE850631D1231AD54D0389EEBA1D5ED0E54399FC0A0B5D199761E42F38C4D82671948109CEA01793E00B8BE72A44A1081DACAAEC04E5568ADB239F8C217FEECA892E82A18F9AF6EE4D1F2D133D781789761D441224A2EE1C7BF3BE4CD445B66AC96F3D78563E34FF98312B64E22882D1F8616A16D5AA070B2F72CA6B2FA1AC150785988995DED50E65C0C14B731D0E701F26D4025ED6BB9340585FF7A7E1F24DE24B194ACBD6D4928949E40D0DC420EA3AA97AE2D1754EC2E22431AED0240619DC720C6BB5D77ADE458B6090258F62B0242C791336CEB40313B6B0D70D56384AB12C434A66F9D72A674B5B3411B97C1E12831B8E2362DF8869BE866D0B70B1CA16DEB265445DFE8F2169A2081873E46E5D039B0BC377214608A317319CEB98B4B23F65D452BA732D4BA0279164251383964DEE1A86BEE9D4320117B2B4FE9A7DE73B35339976B4BC10D2C550DA208CADCF7453EDE230E46CB3560139D7582975AC709047557246FF4368E290E8A0B161263BB9BD04D3B4FB6A0D62503A36B874A6B0BF0406B0B3F0AE2C1F11F761AB7B217FA13A1A9C7367598CFCC354CBF67C297C9FEE642989BC011A2DC7EE2B1DCF24D22117D574111AF5B1F7410C46CC95441E619FE4222B5C1473857717FF88564A6D643CFFCB6D71E3D59E011E966D73BBC9795BE59341F43089D53CD18C260E88192B1068EC0E3729DC28CD452A174D685C2DAF66F22DE3B74AD0C9D2D57C067AC069CAE4979B0F381EC16D8A791D71F03636D3B61AA1B9D7CC75F7DD4AE2EAF564B79F9C672EBC2DD5BA3A4B59AD6BDDFC2A194D4797A5DADF7EDE7B9709DD3837BBC3E96CE5AFE57A8EE35DF3C1BA1E225A025A1937FF0E030E64C819B89F6F2D5A03F8CAF5A11697133C6F94374BD6B44EACC74E19DD29D639710C2D425B87AFEF234F832434B18569D33EF26F4FC3592CFFD1BA675E2C5A4B18E7A73E89AA5B3D56BDC2ED5371AEF809211E57117FE1175B1FCECDD3B21105CF7318C826790CE94A964EE3FCAD7D3FFEF00A3FEFC5EF9A93CF92B5102327E29E5B6CEA2F09DE3279741FCBE019ACF59D67B2F98B6919D2BDA7DB10ADC0BCF133C07DD01A7DC03FBC93A54920B854FB12FD538A4928AB9DB3BFD6E33A39F2AD10F10ACE63B2E5E02423BB258B03C1EED33DC9E919D1110B8B3AC0165C410DD39DA2932561290BB7531FE040B900F4157A48BE9A43A75AD9B507313FFF588B9BAEA1369D5A25EE9B9B7673BA9E49180274C128BC3905DC3C81A33A1AECB7B729BA072C0B080340A73B1F287B923134A72BCC1B080B8E4CB8B1A5EBB7FFCB84D39825CEBBAE0294C23AE4906810B9A36BBC76038E333C393C9AB619FCBC542B42198A3C12E124CA5BBF1BC0012F59BAED2BC1B723B813749A9E993B3BC44480B390E0E3B6F343833418C4369C2B55BA2526C38434C084497003E223BE4CB825DA834594723BFF6B4361C99055CC04B2EA998AAA073ACCC45F04386508BECCE299D4599DB3883D1AF4B636AC368059C31BD8BE43E4BE5AE40CCAFBC2B1E219CEE34187EB3D60F4C6DDC043CEC3BBD569402663324948C66A0CC536A4C6AD3EE48CD86BC513A42501540BD1C10A5FFCC67CD4C43A534071A429639425192C47E2CB105B04BD3EFC445931C713CCBB7914C06D5B86F1C2437DA44829A495EBAA2871D443B222C781A43A73FCBEA233C69FD94571DC366CABC894F4C689ECC551BBAE96F3472B6C3C872C49CE6B3991E33895D4C95F2C18E0639365B8BF7ED4488DDCB627DC0710A93B7DC0C79D64CA95341816BA379C242550DAB5A6B4CAABBC39B6004A04943FAC74C18000003B, N'MY English Course', 1, NULL, NULL, NULL, NULL)
GO
SET IDENTITY_INSERT [dbo].[Mas_Subject] OFF
GO
ALTER TABLE [dbo].[Mas_Chapter] ADD  CONSTRAINT [DF_Mas_Chapter_IsActive]  DEFAULT ((0)) FOR [IsActive]
GO
/****** Object:  StoredProcedure [dbo].[uspActiveDeactivateChapter]    Script Date: 29-02-2020 11:08:41 ******/
SET ANSI_NULLS ON
GO
SET QUOTED_IDENTIFIER ON
GO
-- =============================================
-- Author:		<Tushar.Harlikar>
-- Create date: <11-02-2020>
-- Description:	<Retrive all Standard Information>
-- =============================================
CREATE PROCEDURE [dbo].[uspActiveDeactivateChapter]
	@ChapterId bigint,
	@IsActive bit,
	@RowCount int OUT
AS
BEGIN
	SET NOCOUNT ON;
	BEGIN TRANSACTION 
	BEGIN TRY
       UPDATE Mas_Chapter SET 
	   IsActive=@IsActive
	   WHERE ChapterId=@ChapterId
	   SET @RowCount= @@RowCount
	   COMMIT TRANSACTION ;
    END TRY
    BEGIN CATCH
		INSERT INTO Mas_ErrorLogs(ErrorProcedure,ErrorLine,ErrorMessage)
		VALUES(ERROR_PROCEDURE(),ERROR_LINE(),ERROR_MESSAGE())
		SET @RowCount=0
		ROLLBACK TRANSACTION ;
    END CATCH
END

GO
/****** Object:  StoredProcedure [dbo].[uspActiveDeactivateChapterSection]    Script Date: 29-02-2020 11:08:41 ******/
SET ANSI_NULLS ON
GO
SET QUOTED_IDENTIFIER ON
GO
-- =============================================
-- Author:		<Tushar.Harlikar>
-- Create date: <11-02-2020>
-- Description:	<Active/Deactive medium Information>
-- =============================================
CREATE PROCEDURE [dbo].[uspActiveDeactivateChapterSection]
	@SectionId bigint,
	@IsChapterSection bit,
	@RowCount int OUT
AS
BEGIN
	SET NOCOUNT ON;
	BEGIN TRANSACTION 
	BEGIN TRY
       UPDATE Mas_Section SET 
	   IsChapterSection=@IsChapterSection
	   WHERE SectionId=@SectionId
	   SET @RowCount=@@ROWCOUNT;
	   COMMIT TRANSACTION ;
    END TRY
    BEGIN CATCH
		INSERT INTO Mas_ErrorLogs(ErrorProcedure,ErrorLine,ErrorMessage)
		VALUES(ERROR_PROCEDURE(),ERROR_LINE(),ERROR_MESSAGE())
		SET @RowCount=0;
		ROLLBACK TRANSACTION ;
    END CATCH
END

GO
/****** Object:  StoredProcedure [dbo].[uspActiveDeactivateMedium]    Script Date: 29-02-2020 11:08:41 ******/
SET ANSI_NULLS ON
GO
SET QUOTED_IDENTIFIER ON
GO
-- =============================================
-- Author:		<Tushar.Harlikar>
-- Create date: <11-02-2020>
-- Description:	<Active/Deactive medium Information>
-- =============================================
CREATE PROCEDURE [dbo].[uspActiveDeactivateMedium]
	@MediumId bigint,
	@IsActive bit,
	@RowCount int OUT
AS
BEGIN
	SET NOCOUNT ON;
	BEGIN TRANSACTION 
	BEGIN TRY
       UPDATE Mas_Medium SET 
	   IsActive=@IsActive
	   WHERE MediumId=@MediumId
	   SET @RowCount=@@ROWCOUNT;
	   COMMIT TRANSACTION ;
    END TRY
    BEGIN CATCH
		INSERT INTO Mas_ErrorLogs(ErrorProcedure,ErrorLine,ErrorMessage)
		VALUES(ERROR_PROCEDURE(),ERROR_LINE(),ERROR_MESSAGE())
		SET @RowCount=0;
		ROLLBACK TRANSACTION ;
    END CATCH
END

GO
/****** Object:  StoredProcedure [dbo].[uspActiveDeactivateSection]    Script Date: 29-02-2020 11:08:41 ******/
SET ANSI_NULLS ON
GO
SET QUOTED_IDENTIFIER ON
GO
-- =============================================
-- Author:		<Tushar.Harlikar>
-- Create date: <11-02-2020>
-- Description:	<Active/Deactive medium Information>
-- =============================================
CREATE PROCEDURE [dbo].[uspActiveDeactivateSection]
	@SectionId bigint,
	@IsActive bit,
	@RowCount int OUT
AS
BEGIN
	SET NOCOUNT ON;
	BEGIN TRANSACTION 
	BEGIN TRY
       UPDATE Mas_Section SET 
	   IsActive=@IsActive
	   WHERE SectionId=@SectionId
	   SET @RowCount=@@ROWCOUNT;
	   COMMIT TRANSACTION ;
    END TRY
    BEGIN CATCH
		INSERT INTO Mas_ErrorLogs(ErrorProcedure,ErrorLine,ErrorMessage)
		VALUES(ERROR_PROCEDURE(),ERROR_LINE(),ERROR_MESSAGE())
		SET @RowCount=0;
		ROLLBACK TRANSACTION ;
    END CATCH
END

GO
/****** Object:  StoredProcedure [dbo].[uspActiveDeactivateStandard]    Script Date: 29-02-2020 11:08:41 ******/
SET ANSI_NULLS ON
GO
SET QUOTED_IDENTIFIER ON
GO
-- =============================================
-- Author:		<Tushar.Harlikar>
-- Create date: <11-02-2020>
-- Description:	<Retrive all Standard Information>
-- =============================================
CREATE PROCEDURE [dbo].[uspActiveDeactivateStandard]
	@StandardId bigint,
	@IsActive bit,
	@RowCount int OUT
AS
BEGIN
	SET NOCOUNT ON;
	BEGIN TRANSACTION 
	BEGIN TRY
       UPDATE Mas_Standard SET 
	   IsActive=@IsActive
	   WHERE StandardId=@StandardId
	   SET @RowCount= @@RowCount
	   COMMIT TRANSACTION ;
    END TRY
    BEGIN CATCH
		INSERT INTO Mas_ErrorLogs(ErrorProcedure,ErrorLine,ErrorMessage)
		VALUES(ERROR_PROCEDURE(),ERROR_LINE(),ERROR_MESSAGE())
		SET @RowCount=0
		ROLLBACK TRANSACTION ;
    END CATCH
END

GO
/****** Object:  StoredProcedure [dbo].[uspActiveDeactivateStandardSection]    Script Date: 29-02-2020 11:08:41 ******/
SET ANSI_NULLS ON
GO
SET QUOTED_IDENTIFIER ON
GO
-- =============================================
-- Author:		<Tushar.Harlikar>
-- Create date: <11-02-2020>
-- Description:	<Active/Deactive medium Information>
-- =============================================
CREATE PROCEDURE [dbo].[uspActiveDeactivateStandardSection]
	@SectionId bigint,
	@IsStandardSection bit,
	@RowCount int OUT
AS
BEGIN
	SET NOCOUNT ON;
	BEGIN TRANSACTION 
	BEGIN TRY
       UPDATE Mas_Section SET 
	   IsStandardSection=@IsStandardSection
	   WHERE SectionId=@SectionId
	   SET @RowCount=@@ROWCOUNT;
	   COMMIT TRANSACTION ;
    END TRY
    BEGIN CATCH
		INSERT INTO Mas_ErrorLogs(ErrorProcedure,ErrorLine,ErrorMessage)
		VALUES(ERROR_PROCEDURE(),ERROR_LINE(),ERROR_MESSAGE())
		SET @RowCount=0;
		ROLLBACK TRANSACTION ;
    END CATCH
END

GO
/****** Object:  StoredProcedure [dbo].[uspActiveDeactivateSubject]    Script Date: 29-02-2020 11:08:41 ******/
SET ANSI_NULLS ON
GO
SET QUOTED_IDENTIFIER ON
GO
-- =============================================
-- Author:		<Tushar.Harlikar>
-- Create date: <11-02-2020>
-- Description:	<Active/Deactive medium Information>
-- =============================================
CREATE PROCEDURE [dbo].[uspActiveDeactivateSubject]
	@SubjectId bigint,
	@IsActive bit,
	@RowCount int OUT
AS
BEGIN
	SET NOCOUNT ON;
	BEGIN TRANSACTION 
	BEGIN TRY
       UPDATE Mas_Subject SET 
	   IsActive=@IsActive
	   WHERE SubjectId=@SubjectId
	   SET @RowCount=@@ROWCOUNT;
	   COMMIT TRANSACTION ;
    END TRY
    BEGIN CATCH
		INSERT INTO Mas_ErrorLogs(ErrorProcedure,ErrorLine,ErrorMessage)
		VALUES(ERROR_PROCEDURE(),ERROR_LINE(),ERROR_MESSAGE())
		SET @RowCount=0;
		ROLLBACK TRANSACTION ;
    END CATCH
END

GO
/****** Object:  StoredProcedure [dbo].[uspGetAllChapters]    Script Date: 29-02-2020 11:08:41 ******/
SET ANSI_NULLS ON
GO
SET QUOTED_IDENTIFIER ON
GO
-- =============================================
-- Author:		<Tushar.Harlikar>
-- Create date: <11-02-2020>
-- Description:	<Retrive all Subject Information>
-- =============================================
CREATE PROCEDURE [dbo].[uspGetAllChapters] 
	@ChapterId bigint=null,
	@IsActive bit=null
AS
BEGIN
	-- SET NOCOUNT ON added to prevent extra result sets from
	-- interfering with SELECT statements.
	SET NOCOUNT ON;
   
	SELECT MC.ChapterId, MC.ChapterName ,
	MS.StandardId, MS.StandardName, 
	MM.MediumId , MM.MediumName,
	MSS.SubjectId ,MSS.SubjectName,
	MC.ChapterThumbnail, MC.Description,
	MC.IsActive
	FROM Mas_Chapter MC LEFT JOIN Mas_Standard MS
	ON MC.StandardId =MS.StandardId LEFT JOIN Mas_Medium MM
	ON MC.MediumId = MM.MediumId LEFT JOIN Mas_Subject MSS
	ON MC.SubjectId = MSS.SubjectId
	WHERE (ISNULL(@ChapterId,0)=0 OR MC.ChapterId=@ChapterId) AND (ISNULL(@IsActive,0)=0 OR MC.IsActive=@IsActive)
END

GO
/****** Object:  StoredProcedure [dbo].[uspGetAllMediums]    Script Date: 29-02-2020 11:08:41 ******/
SET ANSI_NULLS ON
GO
SET QUOTED_IDENTIFIER ON
GO
-- =============================================
-- Author:		<Tushar.Harlikar>
-- Create date: <11-02-2020>
-- Description:	<Retrive all Medium Information>
-- =============================================
CREATE PROCEDURE [dbo].[uspGetAllMediums] 
	@MediumId bigint=null,
	@IsActive bit=null
AS
BEGIN
	-- SET NOCOUNT ON added to prevent extra result sets from
	-- interfering with SELECT statements.
	SET NOCOUNT ON;
	
	

    SELECT MediumId,MediumName,Description,IsActive
	FROM Mas_Medium WHERE 
	(ISNULL(@MediumId,0)=0 OR MediumId=@MediumId) AND (ISNULL(@IsActive,0)=0 OR IsActive=@IsActive)
END

GO
/****** Object:  StoredProcedure [dbo].[uspGetAllSections]    Script Date: 29-02-2020 11:08:41 ******/
SET ANSI_NULLS ON
GO
SET QUOTED_IDENTIFIER ON
GO
-- =============================================
-- Author:		<Tushar.Harlikar>
-- Create date: <11-02-2020>
-- Description:	<Retrive all Standard Information>
-- =============================================
CREATE PROCEDURE [dbo].[uspGetAllSections] 
	@SectionId bigint=null,
	@IsActive bit=null
AS
BEGIN
	-- SET NOCOUNT ON added to prevent extra result sets from
	-- interfering with SELECT statements.
	SET NOCOUNT ON;
	
    SELECT SectionId,SectionName,Description,IsStandardSection,IsChapterSection,IsActive
	FROM Mas_Section WHERE 
	(ISNULL(@SectionId,0)=0 OR SectionId=@SectionId) AND (ISNULL(@IsActive,0)=0 OR IsActive=@IsActive)
END

GO
/****** Object:  StoredProcedure [dbo].[uspGetAllStandardMediumConfig]    Script Date: 29-02-2020 11:08:41 ******/
SET ANSI_NULLS ON
GO
SET QUOTED_IDENTIFIER ON
GO
-- =============================================
-- Author:		<Tushar.Harlikar>
-- Create date: <11-02-2020>
-- Description:	<Standard Medium Configuration>
-- =============================================
CREATE PROCEDURE [dbo].[uspGetAllStandardMediumConfig] 
@StandardMediumId bigint=null 
AS
BEGIN
	SET NOCOUNT ON;
	BEGIN TRY
        SELECT MS.StandardId,MS.StandardName,MS.Description AS StandardDescription,
		MM.MediumId,MM.MediumName,MM.Description AS MediumDescription,
		LSM.StandardMediumId, LSM.IsActive
		FROM Mas_Standard MS CROSS JOIN Mas_Medium MM
		LEFT JOIN Lnk_StandardMedium LSM ON 
		MS.StandardId=LSM.StandardId AND MM.MediumId=LSM.MediumId
		WHERE (LSM.StandardMediumId=@StandardMediumId OR ISNULL(@StandardMediumId,0)=0)
    END TRY
    BEGIN CATCH
		INSERT INTO Mas_ErrorLogs(ErrorProcedure,ErrorLine,ErrorMessage)
		VALUES(ERROR_PROCEDURE(),ERROR_LINE(),ERROR_MESSAGE())
		
    END CATCH
END

GO
/****** Object:  StoredProcedure [dbo].[uspGetAllStandards]    Script Date: 29-02-2020 11:08:41 ******/
SET ANSI_NULLS ON
GO
SET QUOTED_IDENTIFIER ON
GO
-- =============================================
-- Author:		<Tushar.Harlikar>
-- Create date: <11-02-2020>
-- Description:	<Retrive all Standard Information>
-- =============================================
CREATE PROCEDURE [dbo].[uspGetAllStandards] 
	@StandardId bigint=null,
	@IsActive bit=null
AS
BEGIN
	-- SET NOCOUNT ON added to prevent extra result sets from
	-- interfering with SELECT statements.
	SET NOCOUNT ON;
	
    SELECT StandardId,StandardName,Description,IsActive
	FROM Mas_Standard WHERE 
	(ISNULL(@StandardId,0)=0 OR StandardId=@StandardId) AND (ISNULL(@IsActive,0)=0 OR IsActive=@IsActive)
END

GO
/****** Object:  StoredProcedure [dbo].[uspGetAllSubject]    Script Date: 29-02-2020 11:08:41 ******/
SET ANSI_NULLS ON
GO
SET QUOTED_IDENTIFIER ON
GO
-- =============================================
-- Author:		<Tushar.Harlikar>
-- Create date: <11-02-2020>
-- Description:	<Retrive all Subject Information>
-- =============================================
CREATE PROCEDURE [dbo].[uspGetAllSubject] 
	@SubjectId bigint=null,
	@IsActive bit=null

AS
BEGIN
	-- SET NOCOUNT ON added to prevent extra result sets from
	-- interfering with SELECT statements.
	SET NOCOUNT ON;
   
	SELECT LSD.SubjectId,MS.SubjectName,MS.Description,MS.IsActive AS IsSubjectActive,SubjectThumbnail,
	MM.MediumId,MM.MediumName,LSD.IsActive AS IsSubjectMediumActive,
	MSD.StandardId,MSD.StandardName
	FROM Lnk_SubjectDetails LSD  LEFT JOIN Mas_Subject MS
	ON LSD.SubjectId =MS.SubjectId
	LEFT JOIN Mas_Medium MM
	ON  LSD.MediumId=MM.MediumId LEFT JOIN Mas_Standard MSD
	ON LSD.StandardId=MSD.StandardId
	WHERE (ISNULL(@SubjectId,0)=0 OR LSD.SubjectId=@SubjectId) AND (ISNULL(@IsActive,0)=0 OR LSD.IsActive=@IsActive)
END

GO
/****** Object:  StoredProcedure [dbo].[uspGetConfiguredStandardMedium]    Script Date: 29-02-2020 11:08:41 ******/
SET ANSI_NULLS ON
GO
SET QUOTED_IDENTIFIER ON
GO
-- =============================================
-- Author:		<Tushar.Harlikar>
-- Create date: <11-02-2020>
-- Description:	<Standard Medium Configuration>
-- =============================================
CREATE PROCEDURE [dbo].[uspGetConfiguredStandardMedium] 
	@StandardId bigint
AS
BEGIN
	SET NOCOUNT ON;
	BEGIN TRY
        SELECT MS.StandardId,MS.StandardName,MS.Description AS StandardDescription,
		MM.MediumId,MM.MediumName,MM.Description AS MediumDescription,
		LSM.StandardMediumId, LSM.IsActive
		FROM Lnk_StandardMedium LSM LEFT JOIN Mas_Standard MS ON LSM.StandardId=MS.StandardId
		LEFT JOIN Mas_Medium MM ON LSM.MediumId=MM.MediumId
		WHERE LSM.IsActive=1 AND LSM.StandardId= @StandardId
    END TRY
    BEGIN CATCH
		INSERT INTO Mas_ErrorLogs(ErrorProcedure,ErrorLine,ErrorMessage)
		VALUES(ERROR_PROCEDURE(),ERROR_LINE(),ERROR_MESSAGE())
		
    END CATCH
END

GO
/****** Object:  StoredProcedure [dbo].[uspInsertChapter]    Script Date: 29-02-2020 11:08:41 ******/
SET ANSI_NULLS ON
GO
SET QUOTED_IDENTIFIER ON
GO
-- =============================================
-- Author:		<Tushar.Harlikar>
-- Create date: <11-02-2020>
-- Description:	<Retrive all Subject Information>
-- =============================================
CREATE PROCEDURE [dbo].[uspInsertChapter]
	@StandardId bigint,
	@SubjectId bigint,
	@MediumId bigint,
	@ChapterName bigint,
	@ChapterThumbnail varbinary(MAX)=null,
	@Description nvarchar(100),
	@ChapterId bigint OUT
AS
BEGIN
	SET NOCOUNT ON;
	BEGIN TRANSACTION 
	BEGIN TRY
       INSERT INTO  Mas_Chapter(StandardId,SubjectId,MediumId,ChapterName,ChapterThumbnail,Description) 
	   VALUES (@StandardId,@SubjectId,@MediumId,@ChapterName,@ChapterThumbnail,@Description)
	   
	   SET @ChapterId =SCOPE_IDENTITY()
	   COMMIT TRANSACTION ;
    END TRY
    BEGIN CATCH
		INSERT INTO Mas_ErrorLogs(ErrorProcedure,ErrorLine,ErrorMessage)
		VALUES(ERROR_PROCEDURE(),ERROR_LINE(),ERROR_MESSAGE())
		SET @ChapterId =0
		ROLLBACK TRANSACTION ;
    END CATCH
END

GO
/****** Object:  StoredProcedure [dbo].[uspInsertMedium]    Script Date: 29-02-2020 11:08:41 ******/
SET ANSI_NULLS ON
GO
SET QUOTED_IDENTIFIER ON
GO
-- =============================================
-- Author:		<Tushar.Harlikar>
-- Create date: <11-02-2020>
-- Description:	<Insert Medium Information>
-- =============================================
CREATE PROCEDURE [dbo].[uspInsertMedium]
	@MediumName nvarchar(100),
	@Description nvarchar(100),
	@MediumId bigint OUT
AS
BEGIN
	SET NOCOUNT ON;
	BEGIN TRANSACTION 
	BEGIN TRY
       INSERT INTO Mas_Medium(MediumName,Description,IsActive)
	   VALUES(@MediumName,@Description,1)

	   SET @MediumId =SCOPE_IDENTITY()
	   COMMIT TRANSACTION ;
    END TRY
    BEGIN CATCH
		INSERT INTO Mas_ErrorLogs(ErrorProcedure,ErrorLine,ErrorMessage)
		VALUES(ERROR_PROCEDURE(),ERROR_LINE(),ERROR_MESSAGE())
		SET @MediumId =0
		ROLLBACK TRANSACTION ;
    END CATCH
END

GO
/****** Object:  StoredProcedure [dbo].[uspInsertSection]    Script Date: 29-02-2020 11:08:41 ******/
SET ANSI_NULLS ON
GO
SET QUOTED_IDENTIFIER ON
GO
-- =============================================
-- Author:		<Tushar.Harlikar>
-- Create date: <11-02-2020>
-- Description:	<Insert Medium Information>
-- =============================================
CREATE PROCEDURE [dbo].[uspInsertSection]
	@SectionName nvarchar(100),
	@Description nvarchar(100),
	@IsStandardSection bit=0,
	@IsChapterSection bit =0,
	@SectionId bigint OUT
AS
BEGIN
	SET NOCOUNT ON;
	BEGIN TRANSACTION 
	BEGIN TRY
       INSERT INTO Mas_Section(SectionName,Description,IsStandardSection,IsChapterSection,IsActive)
	   VALUES(@SectionName,@Description,@IsStandardSection,@IsChapterSection,1)

	   SET @SectionId =SCOPE_IDENTITY()
	   COMMIT TRANSACTION ;
    END TRY
    BEGIN CATCH
		INSERT INTO Mas_ErrorLogs(ErrorProcedure,ErrorLine,ErrorMessage)
		VALUES(ERROR_PROCEDURE(),ERROR_LINE(),ERROR_MESSAGE())
		SET @SectionId =0
		ROLLBACK TRANSACTION ;
    END CATCH
END

GO
/****** Object:  StoredProcedure [dbo].[uspInsertStandard]    Script Date: 29-02-2020 11:08:41 ******/
SET ANSI_NULLS ON
GO
SET QUOTED_IDENTIFIER ON
GO
-- =============================================
-- Author:		<Tushar.Harlikar>
-- Create date: <11-02-2020>
-- Description:	<Retrive all Standard Information>
-- =============================================
CREATE PROCEDURE [dbo].[uspInsertStandard]
	@StandardName nvarchar(100),
	@Description nvarchar(100),
	@StandardId bigint OUT
AS
BEGIN
	SET NOCOUNT ON;
	BEGIN TRANSACTION 
	BEGIN TRY
       INSERT INTO Mas_Standard(StandardName,Description,IsActive)
	   VALUES(@StandardName,@Description,1)
	   SET @StandardId= SCOPE_IDENTITY()
	   COMMIT TRANSACTION ;
    END TRY
    BEGIN CATCH
		INSERT INTO Mas_ErrorLogs(ErrorProcedure,ErrorLine,ErrorMessage)
		VALUES(ERROR_PROCEDURE(),ERROR_LINE(),ERROR_MESSAGE())
		SET @StandardId=0;
		ROLLBACK TRANSACTION ;
    END CATCH
END

GO
/****** Object:  StoredProcedure [dbo].[uspInsertSubject]    Script Date: 29-02-2020 11:08:41 ******/
SET ANSI_NULLS ON
GO
SET QUOTED_IDENTIFIER ON
GO
-- =============================================
-- Author:		<Tushar.Harlikar>
-- Create date: <11-02-2020>
-- Description:	<Retrive all Subject Information>
-- =============================================
CREATE PROCEDURE [dbo].[uspInsertSubject]
	@SubjectName nvarchar(100),
	@SubjectThumbnail varbinary(MAX)=null,
	@Description nvarchar(100),
	@SubjectId bigint OUT
AS
BEGIN
	SET NOCOUNT ON;
	BEGIN TRANSACTION 
	BEGIN TRY
       INSERT INTO Mas_Subject(SubjectName,SubjectThumbnail,Description,IsActive)
	   VALUES(@SubjectName,ISNULL(@SubjectThumbnail,NULL),@Description,1)
	   SET @SubjectId= SCOPE_IDENTITY()
	   COMMIT TRANSACTION ;
    END TRY
    BEGIN CATCH
		INSERT INTO Mas_ErrorLogs(ErrorProcedure,ErrorLine,ErrorMessage)
		VALUES(ERROR_PROCEDURE(),ERROR_LINE(),ERROR_MESSAGE())
		SET @SubjectId=0;
		ROLLBACK TRANSACTION ;
    END CATCH
END

GO
/****** Object:  StoredProcedure [dbo].[uspInsertSubjectDetails]    Script Date: 29-02-2020 11:08:41 ******/
SET ANSI_NULLS ON
GO
SET QUOTED_IDENTIFIER ON
GO
-- =============================================
-- Author:		<Tushar.Harlikar>
-- Create date: <11-02-2020>
-- Description:	<Retrive all Subject Information>
-- =============================================
CREATE PROCEDURE [dbo].[uspInsertSubjectDetails]
	@StandardId bigint,
	@MediumId bigint,
	@SubjectId bigint,
	@IsActive bit,
	@SubjectDetailsId bigint OUT
AS
BEGIN
	SET NOCOUNT ON;
	BEGIN TRANSACTION 
	BEGIN TRY

	   SELECT @SubjectDetailsId=SubjectDetailsId FROM Lnk_SubjectDetails WHERE  
	   StandardId=@StandardId AND MediumId=@MediumId AND SubjectId=@SubjectId
	   IF(@SubjectDetailsId>0)
	   BEGIN
		   UPDATE Lnk_SubjectDetails SET IsActive=@IsActive WHERE StandardId=@StandardId AND MediumId=@MediumId AND SubjectId=@SubjectId
	   END
	   ELSE
	   BEGIN
		   INSERT INTO Lnk_SubjectDetails(StandardId,MediumId,SubjectId,IsActive)
		   VALUES(@StandardId,@MediumId,@SubjectId,1)
		   SET @SubjectDetailsId= SCOPE_IDENTITY()
	   END
	   COMMIT TRANSACTION ;
    END TRY
    BEGIN CATCH
		INSERT INTO Mas_ErrorLogs(ErrorProcedure,ErrorLine,ErrorMessage)
		VALUES(ERROR_PROCEDURE(),ERROR_LINE(),ERROR_MESSAGE())
		SET @SubjectDetailsId=0;
		ROLLBACK TRANSACTION ;
    END CATCH
END

GO
/****** Object:  StoredProcedure [dbo].[uspInsertUpdateStandardMediumConfig]    Script Date: 29-02-2020 11:08:41 ******/
SET ANSI_NULLS ON
GO
SET QUOTED_IDENTIFIER ON
GO
-- =============================================
-- Author:		<Tushar.Harlikar>
-- Create date: <11-02-2020>
-- Description:	<INSERT/UPDATE all Standard Information>
-- =============================================
CREATE PROCEDURE [dbo].[uspInsertUpdateStandardMediumConfig]
	@StandardId bigint,
	@MediumId bigint,
	@IsActive bit,
	@StandardMediumId bigint=0 OUT
AS
BEGIN
	SET NOCOUNT ON;
	BEGIN TRANSACTION 
	BEGIN TRY
	   SELECT @StandardMediumId=StandardMediumId FROM Lnk_StandardMedium WHERE StandardId=@StandardId AND MediumId=@MediumId

	   IF (@StandardMediumId>0)
	   BEGIN
		UPDATE Lnk_StandardMedium SET IsActive=@IsActive WHERE StandardId=@StandardId AND MediumId=@MediumId
	   END
	   ELSE 
	   BEGIN
		INSERT INTO Lnk_StandardMedium(StandardId,MediumId,IsActive)
		VALUES(@StandardId,@MediumId,1)
		SET @StandardMediumId= SCOPE_IDENTITY()
	   END
	   COMMIT TRANSACTION ;
    END TRY
    BEGIN CATCH
		INSERT INTO Mas_ErrorLogs(ErrorProcedure,ErrorLine,ErrorMessage)
		VALUES(ERROR_PROCEDURE(),ERROR_LINE(),ERROR_MESSAGE())
		SET @StandardMediumId=0;
		ROLLBACK TRANSACTION ;
    END CATCH
END

GO
/****** Object:  StoredProcedure [dbo].[uspUpdateChapter]    Script Date: 29-02-2020 11:08:41 ******/
SET ANSI_NULLS ON
GO
SET QUOTED_IDENTIFIER ON
GO
-- =============================================
-- Author:		<Tushar.Harlikar>
-- Create date: <11-02-2020>
-- Description:	<Retrive all Subject Information>
-- =============================================
CREATE PROCEDURE [dbo].[uspUpdateChapter]
	@StandardId bigint,
	@SubjectId bigint,
	@MediumId bigint,
	@ChapterName bigint,
	@ChapterThumbnail varbinary(MAX)=null,
	@Description nvarchar(100),
	@ChapterId bigint,
	@RowCount int OUT
AS
BEGIN
	SET NOCOUNT ON;
	BEGIN TRANSACTION 
	BEGIN TRY
       UPDATE Mas_Chapter SET 
	   StandardId=@StandardId,
	   SubjectId=@SubjectId,
	   MediumId=@MediumId,
	   ChapterName=@ChapterName,
	   ChapterThumbnail=@ChapterThumbnail,
	   Description=@Description
	   WHERE ChapterId=@ChapterId

	   SET @RowCount =@@ROWCOUNT
	   COMMIT TRANSACTION ;
    END TRY
    BEGIN CATCH
		INSERT INTO Mas_ErrorLogs(ErrorProcedure,ErrorLine,ErrorMessage)
		VALUES(ERROR_PROCEDURE(),ERROR_LINE(),ERROR_MESSAGE())
		SET @RowCount =0
		ROLLBACK TRANSACTION ;
    END CATCH
END

GO
/****** Object:  StoredProcedure [dbo].[uspUpdateMedium]    Script Date: 29-02-2020 11:08:41 ******/
SET ANSI_NULLS ON
GO
SET QUOTED_IDENTIFIER ON
GO
-- =============================================
-- Author:		<Tushar.Harlikar>
-- Create date: <11-02-2020>
-- Description:	<UPDATE Medium Information>
-- =============================================
CREATE PROCEDURE [dbo].[uspUpdateMedium]
	@MediumId bigint,
	@MediumName nvarchar(100),
	@Description nvarchar(100),
	@IsActive bit,
	@RowCount int OUT
AS
BEGIN
	SET NOCOUNT ON;
	BEGIN TRANSACTION 
	BEGIN TRY
       UPDATE Mas_Medium SET 
	   MediumName=@MediumName,
	   Description=@Description,
	   IsActive=@IsActive
	   WHERE MediumId=@MediumId

	   SET @RowCount = @@ROWCOUNT;
	   COMMIT TRANSACTION ;
    END TRY
    BEGIN CATCH
		INSERT INTO Mas_ErrorLogs(ErrorProcedure,ErrorLine,ErrorMessage)
		VALUES(ERROR_PROCEDURE(),ERROR_LINE(),ERROR_MESSAGE())
		SET @RowCount = 0;
		ROLLBACK TRANSACTION ;
    END CATCH
END

GO
/****** Object:  StoredProcedure [dbo].[uspUpdateSection]    Script Date: 29-02-2020 11:08:41 ******/
SET ANSI_NULLS ON
GO
SET QUOTED_IDENTIFIER ON
GO
-- =============================================
-- Author:		<Tushar.Harlikar>
-- Create date: <11-02-2020>
-- Description:	<UPDATE Medium Information>
-- =============================================
CREATE PROCEDURE [dbo].[uspUpdateSection]
	@SectionId bigint,
	@SectionName nvarchar(100),
	@Description nvarchar(100),
	@IsStandardSection bit=0,
	@IsChapterSection bit =0,
	@IsActive bit,
	@RowCount int OUT
AS
BEGIN
	SET NOCOUNT ON;
	BEGIN TRANSACTION 
	BEGIN TRY
       UPDATE Mas_Section SET 
	   SectionName=@SectionName,
	   Description=@Description,
	   IsStandardSection=@IsStandardSection,
	   IsChapterSection=@IsChapterSection,
	   IsActive=@IsActive
	   WHERE SectionId=@SectionId

	   SET @RowCount = @@ROWCOUNT;
	   COMMIT TRANSACTION ;
    END TRY
    BEGIN CATCH
		INSERT INTO Mas_ErrorLogs(ErrorProcedure,ErrorLine,ErrorMessage)
		VALUES(ERROR_PROCEDURE(),ERROR_LINE(),ERROR_MESSAGE())
		SET @RowCount = 0;
		ROLLBACK TRANSACTION ;
    END CATCH
END

GO
/****** Object:  StoredProcedure [dbo].[uspUpdateStandard]    Script Date: 29-02-2020 11:08:41 ******/
SET ANSI_NULLS ON
GO
SET QUOTED_IDENTIFIER ON
GO
-- =============================================
-- Author:		<Tushar.Harlikar>
-- Create date: <11-02-2020>
-- Description:	<Retrive all Standard Information>
-- =============================================
CREATE PROCEDURE [dbo].[uspUpdateStandard]
	@StandardId bigint,
	@StandardName nvarchar(100),
	@Description nvarchar(100),
	@IsActive bit,
	@RowCount int OUT
AS
BEGIN
	SET NOCOUNT ON;
	BEGIN TRANSACTION 
	BEGIN TRY
       UPDATE Mas_Standard SET 
	   StandardName=@StandardName,
	   Description=@Description,
	   IsActive=@IsActive
	   WHERE StandardId=@StandardId

	   SET @RowCount =@@ROWCOUNT
	   COMMIT TRANSACTION ;
    END TRY
    BEGIN CATCH
		INSERT INTO Mas_ErrorLogs(ErrorProcedure,ErrorLine,ErrorMessage)
		VALUES(ERROR_PROCEDURE(),ERROR_LINE(),ERROR_MESSAGE())
		SET @RowCount =0
		ROLLBACK TRANSACTION ;
    END CATCH
END

GO
/****** Object:  StoredProcedure [dbo].[uspUpdateSubject]    Script Date: 29-02-2020 11:08:41 ******/
SET ANSI_NULLS ON
GO
SET QUOTED_IDENTIFIER ON
GO
-- =============================================
-- Author:		<Tushar.Harlikar>
-- Create date: <11-02-2020>
-- Description:	<Update subject Information>
-- =============================================
CREATE PROCEDURE [dbo].[uspUpdateSubject]
	@SubjectId bigint,
	@SubjectName nvarchar(100),
	@SubjectThumbnail varbinary(MAX)=null,
	@Description nvarchar(100),
	@RowCount int OUT
AS
BEGIN
	SET NOCOUNT ON;
	BEGIN TRANSACTION 
	BEGIN TRY
	   UPDATE Lnk_SubjectDetails SET IsActive=0 WHERE SubjectId=@SubjectId 
	
       UPDATE Mas_Subject SET 
	   SubjectName=@SubjectName,
	   SubjectThumbnail=ISNULL(@SubjectThumbnail,NULL),
	   Description=@Description
	   WHERE SubjectId=@SubjectId

	   SET @RowCount =@@ROWCOUNT
	   COMMIT TRANSACTION ;
    END TRY
    BEGIN CATCH
		INSERT INTO Mas_ErrorLogs(ErrorProcedure,ErrorLine,ErrorMessage)
		VALUES(ERROR_PROCEDURE(),ERROR_LINE(),ERROR_MESSAGE())
		SET @RowCount =0
		ROLLBACK TRANSACTION ;
    END CATCH
END

GO
USE [master]
GO
ALTER DATABASE [PrismSolution] SET  READ_WRITE 
GO
